Workbook

Sheet P1
B1: Marker | C1: LeftMallet1 | I1: LeftMallet2 | O1: LeftMallet3 | U1: RightMallet1 | AA1: RightMallet2 | AG1: RightMallet3
B2: Axis | C2: X | D2: Y | E2: Z | F2: X' | G2: Y' | H2: Z' | I2: X | J2: Y | K2: Z | L2: X' | M2: Y' | N2: Z' | O2: X | P2: Y | Q2: Z | R2: X' | S2: Y' | T2: Z' | U2: X | V2: Y | W2: Z | X2: X' | Y2: Y' | Z2: Z' | AA2: X | AB2: Y | AC2: Z | AD2: X' | AE2: Y' | AF2: Z' | AG2: X | AH2: Y | AI2: Z | AJ2: X' | AK2: Y' | AL2: Z'
A3: Trial | B3: Stats
A4: P101 Con T1 | B4: AVG | C4: 1209.6023 | D4: 955.02372 | E4: 1161.0066 | F4: 131.74076 | G4: 57.566261 | H4: 88.45038 | I4: 1310.8075 | J4: 1175.5724 | K4: 1220.6515 | L4: 830.45025 | M4: 635.21556 | N4: 467.71561 | O4: 1213.7039 | P4: 1044.9655 | Q4: 1182.926 | R4: 376.85006 | S4: 165.92281 | T4: 147.92934 | U4: 593.22278 | V4: 945.39252 | W4: 1180.4428 | X4: 92.272811 | Y4: 41.046773 | Z4: 92.07121 | AA4: 545.33395 | AB4: 1228.2929 | AC4: 1264.4438 | AD4: 667.40784 | AE4: 350.97899 | AF4: 341.86054 | AG4: 593.37769 | AH4: 1049.6204 | AI4: 1214.5744 | AJ4: 283.73823 | AK4: 106.89199 | AL4: 129.27556
B5: SD | C5: 24.377215 | D5: 13.784997 | E5: 13.936829 | F5: 127.50239 | G5: 52.401483 | H5: 68.090286 | I5: 161.71024 | J5: 108.87866 | K5: 64.055771 | L5: 1044.3851 | M5: 740.35664 | N5: 470.11138 | O5: 64.934036 | P5: 29.159621 | Q5: 19.660028 | R5: 451.58456 | S5: 186.25314 | T5: 123.24765 | U5: 16.759441 | V5: 8.273345 | W5: 16.229995 | X5: 72.878316 | Y5: 35.311486 | Z5: 72.904211 | AA5: 112.65129 | AB5: 64.366882 | AC5: 52.272858 | AD5: 851.59825 | AE5: 599.91655 | AF5: 395.71151 | AG5: 49.634401 | AH5: 19.802668 | AI5: 23.52764 | AJ5: 317.08602 | AK5: 158.85359 | AL5: 118.52639
A6: P101 Con T2 | B6: AVG | C6: 1194.6232 | D6: 969.58034 | E6: 1160.7144 | F6: 113.94876 | G6: 58.363371 | H6: 72.194569 | I6: 1264.0671 | J6: 1210.8645 | K6: 1230.078 | L6: 657.69852 | M6: 533.62083 | N6: 364.69767 | O6: 1186.7837 | P6: 1065.4966 | Q6: 1188.01 | R6: 295.51119 | S6: 134.93008 | T6: 113.47211 | U6: 591.80604 | V6: 950.27276 | W6: 1187.7712 | X6: 79.066654 | Y6: 39.232065 | Z6: 72.940607 | AA6: 559.55297 | AB6: 1234.478 | AC6: 1286.1177 | AD6: 570.94303 | AE6: 289.1356 | AF6: 286.48778 | AG6: 598.27346 | AH6: 1053.8266 | AI6: 1226.8134 | AJ6: 240.64185 | AK6: 97.223183 | AL6: 102.20366
B7: SD | C7: 22.636608 | D7: 17.568714 | E7: 16.886624 | F7: 116.20346 | G7: 48.828718 | H7: 64.477148 | I7: 145.33831 | J7: 105.46517 | K7: 71.772714 | L7: 850.27464 | M7: 726.95245 | N7: 446.46594 | O7: 53.931675 | P7: 26.278015 | Q7: 25.646997 | R7: 361.86648 | S7: 168.27533 | T7: 115.65642 | U7: 13.640469 | V7: 7.7150067 | W7: 12.283646 | X7: 77.535055 | Y7: 30.907991 | Z7: 58.715216 | AA7: 102.69564 | AB7: 57.268953 | AC7: 44.514987 | AD7: 795.94532 | AE7: 519.53112 | AF7: 354.00482 | AG7: 43.66649 | AH7: 17.620644 | AI7: 17.505669 | AJ7: 321.48192 | AK7: 167.91573 | AL7: 90.063432
A8: P101 Con T3 | B8: AVG | C8: 1176.6729 | D8: 968.21084 | E8: 1162.8231 | F8: 118.93496 | G8: 72.552867 | H8: 84.652979 | I8: 1243.7102 | J8: 1216.3314 | K8: 1232.8096 | L8: 761.10784 | M8: 537.5263 | N8: 405.05518 | O8: 1170.0972 | P8: 1064.0556 | Q8: 1188.2173 | R8: 322.93939 | S8: 140.14364 | T8: 131.65494 | U8: 571.62203 | V8: 932.35858 | W8: 1188.9158 | X8: 91.700421 | Y8: 34.898813 | Z8: 62.166891 | AA8: 500.27886 | AB8: 1198.7493 | AC8: 1284.302 | AD8: 671.72826 | AE8: 405.59613 | AF8: 310.57227 | AG8: 563.21703 | AH8: 1032.2214 | AI8: 1227.6391 | AJ8: 286.62391 | AK8: 119.27801 | AL8: 105.23193
B9: SD | C9: 22.296533 | D9: 15.847857 | E9: 15.709829 | F9: 113.70023 | G9: 51.93292 | H9: 64.583725 | I9: 135.92219 | J9: 92.729997 | K9: 65.184996 | L9: 857.21348 | M9: 704.60267 | N9: 436.24811 | O9: 50.171202 | P9: 23.059079 | Q9: 23.235837 | R9: 353.56883 | S9: 145.33674 | T9: 110.44624 | U9: 17.29654 | V9: 10.783443 | W9: 13.920414 | X9: 87.361577 | Y9: 30.832851 | Z9: 50.124832 | AA9: 124.9041 | AB9: 71.580852 | AC9: 57.666522 | AD9: 839.3764 | AE9: 592.52258 | AF9: 373.62723 | AG9: 55.217266 | AH9: 23.584855 | AI9: 23.593171 | AJ9: 339.21637 | AK9: 157.18432 | AL9: 100.36929
A10: P101 Con T4 | B10: AVG | C10: 1179.6851 | D10: 948.13299 | E10: 1154.1207 | F10: 163.30127 | G10: 59.774444 | H10: 86.789255 | I10: 1303.341 | J10: 1151.0841 | K10: 1189.8874 | L10: 985.20632 | M10: 846.24457 | N10: 541.74119 | O10: 1185.8001 | P10: 1035.4036 | Q10: 1176.6075 | R10: 468.43181 | S10: 205.26096 | T10: 154.80961 | U10: 554.12048 | V10: 904.08518 | W10: 1182.4583 | X10: 96.578784 | Y10: 38.049073 | Z10: 83.680115 | AA10: 473.61011 | AB10: 1169.5031 | AC10: 1263.5082 | AD10: 829.53022 | AE10: 530.03124 | AF10: 370.93514 | AG10: 544.18462 | AH10: 1003.3791 | AI10: 1217.2665 | AJ10: 336.67282 | AK10: 152.67826 | AL10: 113.55997
B11: SD | C11: 23.342603 | D11: 11.479193 | E11: 10.535844 | F11: 134.27 | G11: 49.374755 | H11: 70.326875 | I11: 148.31174 | J11: 124.96888 | K11: 63.221028 | L11: 1048.6849 | M11: 849.99779 | N11: 516.64479 | O11: 55.669042 | P11: 27.067892 | Q11: 17.000304 | R11: 444.51669 | S11: 203.55914 | T11: 138.41551 | U11: 14.938697 | V11: 12.052567 | W11: 13.242795 | X11: 78.447671 | Y11: 34.233239 | Z11: 63.886998 | AA11: 113.30538 | AB11: 77.578237 | AC11: 49.839975 | AD11: 862.52612 | AE11: 698.42873 | AF11: 414.90493 | AG11: 46.259651 | AH11: 24.324805 | AI11: 19.209574 | AJ11: 318.97655 | AK11: 183.18436 | AL11: 104.95346
A12: P101 Con T5 | B12: AVG | C12: 1140.6337 | D12: 946.33471 | E12: 1151.8417 | F12: 121.18923 | G12: 53.952807 | H12: 66.93342 | I12: 1180.4394 | J12: 1209.3311 | K12: 1207.9997 | L12: 750.01175 | M12: 470.61154 | N12: 340.68485 | O12: 1135.4369 | P12: 1034.8657 | Q12: 1176.7922 | R12: 335.02686 | S12: 155.04081 | T12: 118.18525 | U12: 548.62263 | V12: 871.5282 | W12: 1181.1546 | X12: 79.695372 | Y12: 44.3393 | Z12: 74.338443 | AA12: 490.11999 | AB12: 1151.9241 | AC12: 1272.9173 | AD12: 549.52497 | AE12: 306.22258 | AF12: 265.55382 | AG12: 546.15374 | AH12: 974.86138 | AI12: 1218.7312 | AJ12: 217.89647 | AK12: 98.830634 | AL12: 102.31473
B13: SD | C13: 22.714426 | D13: 16.871741 | E13: 13.338708 | F13: 104.39221 | G13: 40.861719 | H13: 55.35356 | I13: 135.88278 | J13: 78.353095 | K13: 54.467021 | L13: 855.40678 | M13: 672.00345 | N13: 368.69852 | O13: 58.38672 | P13: 28.433579 | Q13: 22.039824 | R13: 354.20926 | S13: 183.9959 | T13: 107.39618 | U13: 12.957404 | V13: 17.602653 | W13: 13.544462 | X13: 63.421406 | Y13: 40.35005 | Z13: 58.006673 | AA13: 100.33559 | AB13: 65.439135 | AC13: 43.538727 | AD13: 716.28573 | AE13: 508.30949 | AF13: 325.43318 | AG13: 41.100047 | AH13: 24.834966 | AI13: 18.830519 | AJ13: 264.04737 | AK13: 139.0845 | AL13: 87.965577
A14: P101 Con T6 | B14: AVG | C14: 1171.9508 | D14: 902.56817 | E14: 1158.4313 | F14: 148.59724 | G14: 56.424045 | H14: 77.890569 | I14: 1237.2902 | J14: 1143.0714 | K14: 1217.8884 | L14: 785.87222 | M14: 557.18134 | N14: 417.13757 | O14: 1168.6678 | P14: 989.02001 | Q14: 1185.807 | R14: 369.35976 | S14: 155.96431 | T14: 129.59244 | U14: 570.49828 | V14: 871.53879 | W14: 1184.2652 | X14: 95.09579 | Y14: 31.582107 | Z14: 74.207485 | AA14: 538.23879 | AB14: 1155.2331 | AC14: 1279.0229 | AD14: 574.87169 | AE14: 313.88003 | AF14: 270.32225 | AG14: 577.60251 | AH14: 974.73788 | AI14: 1222.9296 | AJ14: 242.20094 | AK14: 84.055538 | AL14: 95.943397
B15: SD | C15: 23.976634 | D15: 17.343813 | E15: 12.290822 | F15: 135.32626 | G15: 46.436898 | H15: 60.529678 | I15: 142.48355 | J15: 102.61173 | K15: 64.698359 | L15: 938.05539 | M15: 775.28227 | N15: 467.91576 | O15: 57.088232 | P15: 30.638649 | Q15: 20.833944 | R15: 412.53795 | S15: 194.62771 | T15: 118.96773 | U15: 15.543166 | V15: 8.2011933 | W15: 14.038452 | X15: 80.607334 | Y15: 29.331771 | Z15: 60.320803 | AA15: 105.39833 | AB15: 62.080828 | AC15: 43.615944 | AD15: 861.911 | AE15: 584.86936 | AF15: 367.65364 | AG15: 44.218785 | AH15: 19.111285 | AI15: 18.624442 | AJ15: 323.81131 | AK15: 132.20818 | AL15: 87.145364
A16: P101 Con T7 | B16: AVG | C16: 1177.9315 | D16: 889.21358 | E16: 1156.161 | F16: 119.76265 | G16: 55.090512 | H16: 68.260204 | I16: 1249.7601 | J16: 1121.5521 | K16: 1218.2966 | L16: 640.13214 | M16: 516.55477 | N16: 355.30394 | O16: 1178.4107 | P16: 973.1704 | Q16: 1185.5733 | R16: 299.65115 | S16: 154.80108 | T16: 116.56271 | U16: 576.99182 | V16: 859.04142 | W16: 1178.9117 | X16: 92.105003 | Y16: 36.03257 | Z16: 60.552343 | AA16: 535.05083 | AB16: 1143.3565 | AC16: 1271.9239 | AD16: 624.69298 | AE16: 308.53005 | AF16: 278.25561 | AG16: 578.76073 | AH16: 963.09632 | AI16: 1217.6361 | AJ16: 290.62526 | AK16: 95.325275 | AL16: 95.651168
B17: SD | C17: 26.508764 | D17: 17.174982 | E17: 12.320693 | F17: 120.07614 | G17: 44.736817 | H17: 60.887235 | I17: 152.31266 | J17: 115.92545 | K17: 62.819743 | L17: 848.27334 | M17: 760.12448 | N17: 438.58591 | O17: 64.873167 | P17: 36.064474 | Q17: 20.457112 | R17: 376.62573 | S17: 208.4119 | T17: 120.40457 | U17: 15.687812 | V17: 6.7670913 | W17: 12.117324 | X17: 86.233981 | Y17: 31.873723 | Z17: 51.320938 | AA17: 106.36632 | AB17: 58.548133 | AC17: 44.787894 | AD17: 792.39205 | AE17: 531.64468 | AF17: 365.77794 | AG17: 46.399984 | AH17: 17.840257 | AI17: 17.951861 | AJ17: 369.98583 | AK17: 136.50318 | AL17: 103.21893
A18: P101 Con T8 | B18: AVG | C18: 1192.0698 | D18: 863.65912 | E18: 1149.0045 | F18: 138.40349 | G18: 62.775501 | H18: 65.984198 | I18: 1281.1983 | J18: 1097.5037 | K18: 1194.742 | L18: 706.00546 | M18: 578.37786 | N18: 330.25908 | O18: 1203.0653 | P18: 944.7057 | Q18: 1173.7686 | R18: 335.92147 | S18: 187.75129 | T18: 111.01709 | U18: 589.44262 | V18: 848.29665 | W18: 1182.9569 | X18: 88.539958 | Y18: 40.001795 | Z18: 67.338296 | AA18: 535.53041 | AB18: 1126.4527 | AC18: 1275.656 | AD18: 687.34467 | AE18: 389.60611 | AF18: 307.69618 | AG18: 587.16402 | AH18: 949.97252 | AI18: 1222.4959 | AJ18: 275.82933 | AK18: 117.49711 | AL18: 95.900301
B19: SD | C19: 23.519051 | D19: 14.787638 | E19: 11.25067 | F19: 111.95632 | G19: 46.014289 | H19: 56.017196 | I19: 143.01001 | J19: 110.59497 | K19: 55.606414 | L19: 836.98901 | M19: 756.84642 | N19: 354.0571 | O19: 63.91308 | P19: 35.766479 | Q19: 19.779969 | R19: 368.73145 | S19: 219.73555 | T19: 102.74908 | U19: 12.810914 | V19: 12.164669 | W19: 11.428714 | X19: 83.340153 | Y19: 37.56458 | Z19: 56.022373 | AA19: 105.65323 | AB19: 63.218949 | AC19: 45.652973 | AD19: 871.13035 | AE19: 596.61962 | AF19: 383.24705 | AG19: 42.836343 | AH19: 21.686984 | AI19: 17.02591 | AJ19: 321.324 | AK19: 155.00036 | AL19: 92.937958
A20: P101 Con T9 | B20: AVG | C20: 1183.4359 | D20: 864.21315 | E20: 1152.3989 | F20: 147.68898 | G20: 63.787344 | H20: 72.205678 | I20: 1267.3863 | J20: 1096.4966 | K20: 1197.6257 | L20: 812.0912 | M20: 641.68762 | N20: 402.17889 | O20: 1190.8433 | P20: 945.80674 | Q20: 1178.4665 | R20: 386.45525 | S20: 201.96996 | T20: 131.26469 | U20: 584.02145 | V20: 829.67386 | W20: 1181.7317 | X20: 108.68259 | Y20: 39.416622 | Z20: 78.379157 | AA20: 524.24038 | AB20: 1108.4218 | AC20: 1274.0673 | AD20: 734.14518 | AE20: 371.30231 | AF20: 313.08733 | AG20: 580.84062 | AH20: 931.29339 | AI20: 1221.446 | AJ20: 300.09856 | AK20: 106.23313 | AL20: 100.94338
B21: SD | C21: 20.397402 | D21: 13.210621 | E21: 10.829033 | F21: 124.97372 | G21: 42.97076 | H21: 57.18767 | I21: 143.80951 | J21: 110.93684 | K21: 56.536658 | L21: 893.0304 | M21: 798.76 | N21: 428.41107 | O21: 59.507417 | P21: 33.852149 | Q21: 18.28189 | R21: 388.77206 | S21: 222.58535 | T21: 118.41016 | U21: 15.181453 | V21: 14.149773 | W21: 12.301059 | X21: 81.976439 | Y21: 34.198489 | Z21: 63.342952 | AA21: 102.54026 | AB21: 58.529338 | AC21: 44.447642 | AD21: 791.35153 | AE21: 551.84915 | AF21: 370.13033 | AG21: 43.126466 | AH21: 20.331138 | AI21: 18.002317 | AJ21: 290.60186 | AK21: 140.83056 | AL21: 93.895297
A22: P101 Con T10 | B22: AVG | C22: 1188.4234 | D22: 846.18138 | E22: 1144.8529 | F22: 165.40946 | G22: 60.855317 | H22: 62.564096 | I22: 1287.6906 | J22: 1075.7969 | K22: 1177.2241 | L22: 909.78544 | M22: 731.00131 | N22: 465.29034 | O22: 1198.6313 | P22: 929.3312 | Q22: 1166.6686 | R22: 441.59859 | S22: 209.69104 | T22: 135.39311 | U22: 583.62117 | V22: 816.5602 | W22: 1179.3751 | X22: 121.53639 | Y22: 35.972615 | Z22: 78.645112 | AA22: 494.96239 | AB22: 1068.8104 | AC22: 1258.1207 | AD22: 860.85326 | AE22: 569.54787 | AF22: 422.51528 | AG22: 569.07516 | AH22: 910.42437 | AI22: 1216.002 | AJ22: 336.77858 | AK22: 150.50741 | AL22: 114.34056
B23: SD | C23: 18.651627 | D23: 11.552674 | E23: 7.1506162 | F23: 119.85808 | G23: 38.31726 | H23: 50.506784 | I23: 133.52054 | J23: 109.41916 | K23: 53.892647 | L23: 913.87195 | M23: 834.15099 | N23: 468.41291 | O23: 54.260475 | P23: 29.44575 | Q23: 14.374396 | R23: 404.40478 | S23: 219.10293 | T23: 126.64536 | U23: 17.881376 | V23: 10.18466 | W23: 13.567026 | X23: 103.11943 | Y23: 30.409355 | Z23: 60.949406 | AA23: 126.36427 | AB23: 94.690261 | AC23: 60.300356 | AD23: 931.15051 | AE23: 740.63612 | AF23: 456.08594 | AG23: 55.754196 | AH23: 30.905818 | AI23: 21.050977 | AJ23: 327.43389 | AK23: 184.96303 | AL23: 98.429336
A24: P101 Ctl T1 | B24: AVG | C24: 1169.349 | D24: 925.23562 | E24: 1154.2861 | F24: 139.11926 | G24: 59.524414 | H24: 76.131972 | I24: 1261.2282 | J24: 1163.4299 | K24: 1201.1857 | L24: 788.38739 | M24: 609.84449 | N24: 345.99461 | O24: 1169.3234 | P24: 1019.829 | Q24: 1171.683 | R24: 340.71353 | S24: 139.8928 | T24: 100.4376 | U24: 563.81841 | V24: 921.66547 | W24: 1184.4281 | X24: 84.58423 | Y24: 36.570618 | Z24: 76.833096 | AA24: 512.97894 | AB24: 1196.8004 | AC24: 1268.61 | AD24: 661.75638 | AE24: 382.80487 | AF24: 322.65876 | AG24: 565.99898 | AH24: 1020.5893 | AI24: 1226.869 | AJ24: 233.95982 | AK24: 95.932541 | AL24: 104.00565
B25: SD | C25: 25.00318 | D25: 20.407024 | E25: 13.380364 | F25: 116.16188 | G25: 42.897508 | H25: 59.773612 | I25: 147.55472 | J25: 104.41639 | K25: 54.744974 | L25: 848.45309 | M25: 748.16202 | N25: 355.17255 | O25: 59.797294 | P25: 29.407878 | Q25: 19.374134 | R25: 347.21061 | S25: 153.05556 | T25: 86.191802 | U25: 15.594837 | V25: 13.652216 | W25: 14.072512 | X25: 70.615324 | Y25: 29.152182 | Z25: 59.792947 | AA25: 114.70508 | AB25: 71.589443 | AC25: 51.629281 | AD25: 838.26264 | AE25: 590.77132 | AF25: 385.47276 | AG25: 44.865019 | AH25: 23.333399 | AI25: 20.690488 | AJ25: 274.61162 | AK25: 129.3414 | AL25: 92.540339
A26: P101 Ctl T2 | B26: AVG | C26: 1155.801 | D26: 904.77878 | E26: 1149.9952 | F26: 144.17366 | G26: 63.783809 | H26: 71.312842 | I26: 1239.4984 | J26: 1152.5173 | K26: 1192.8944 | L26: 871.65076 | M26: 573.60559 | N26: 366.00248 | O26: 1155.2451 | P26: 998.47124 | Q26: 1165.5575 | R26: 373.75666 | S26: 140.78573 | T26: 106.60223 | U26: 546.43668 | V26: 881.22684 | W26: 1180.0515 | X26: 86.111906 | Y26: 45.930568 | Z26: 77.824264 | AA26: 465.99557 | AB26: 1116.4591 | AC26: 1251.1526 | AD26: 710.20395 | AE26: 446.52958 | AF26: 357.2266 | AG26: 525.25133 | AH26: 998.07942 | AI26: 1225.5674 | AJ26: 384.81259 | AK26: 194.99823 | AL26: 163.7766
B27: SD | C27: 19.810193 | D27: 11.762951 | E27: 9.7141568 | F27: 104.93592 | G27: 44.544166 | H27: 61.114667 | I27: 135.01765 | J27: 88.688402 | K27: 42.852452 | L27: 848.55166 | M27: 688.80068 | N27: 384.2767 | O27: 50.620087 | P27: 22.654709 | Q27: 12.084803 | R27: 335.82179 | S27: 138.31095 | T27: 98.772055 | U27: 15.952643 | V27: 23.872287 | W27: 15.501474 | X27: 70.955461 | Y27: 36.537623 | Z27: 59.663219 | AA27: 121.3911 | AB27: 87.337291 | AC27: 51.502109 | AD27: 820.37787 | AE27: 605.584 | AF27: 419.99233 | AG27: 66.641832 | AH27: 84.830545 | AI27: 36.62035 | AJ27: 477.63001 | AK27: 329.63928 | AL27: 207.30313
A28: P101 Ctl T3 | B28: AVG | C28: 1131.5815 | D28: 901.26649 | E28: 1161.7058 | F28: 113.7279 | G28: 68.196971 | H28: 73.617351 | I28: 1150.3372 | J28: 1177.2823 | K28: 1225.4598 | L28: 672.947 | M28: 350.18029 | N28: 253.19276 | O28: 1115.5234 | P28: 995.92609 | Q28: 1181.8598 | R28: 283.56173 | S28: 118.01284 | T28: 91.349212 | U28: 541.49672 | V28: 852.47787 | W28: 1187.8306 | X28: 75.029522 | Y28: 32.335441 | Z28: 78.396936 | AA28: 500.42781 | AB28: 1138.2248 | AC28: 1285.5868 | AD28: 467.83865 | AE28: 259.72734 | AF28: 244.10211 | AG28: 543.72428 | AH28: 953.88614 | AI28: 1232.3677 | AJ28: 163.35445 | AK28: 72.888385 | AL28: 94.915634
B29: SD | C29: 17.862489 | D29: 15.503709 | E29: 11.615954 | F29: 108.20343 | G29: 54.231445 | H29: 61.336883 | I29: 113.50056 | J29: 61.198856 | K29: 37.499256 | L29: 815.68974 | M29: 554.61282 | N29: 302.75968 | O29: 42.131 | P29: 21.689552 | Q29: 14.326998 | R29: 299.49652 | S29: 133.69912 | T29: 82.031605 | U29: 13.077601 | V29: 10.469221 | W29: 11.109869 | X29: 63.679947 | Y29: 28.855899 | Z29: 59.624311 | AA29: 92.840877 | AB29: 59.218569 | AC29: 42.930615 | AD29: 707.54999 | AE29: 487.16837 | AF29: 314.00185 | AG29: 37.823949 | AH29: 22.23899 | AI29: 17.934903 | AJ29: 209.0335 | AK29: 114.01641 | AL29: 70.554609
A30: P101 Ctl T4 | B30: AVG | C30: 1132.2834 | D30: 871.39524 | E30: 1161.5189 | F30: 106.0355 | G30: 57.398099 | H30: 69.910796 | I30: 1164.4474 | J30: 1141.3546 | K30: 1219.4192 | L30: 614.0524 | M30: 411.85372 | N30: 279.42628 | O30: 1121.3934 | P30: 964.45579 | Q30: 1183.2305 | R30: 262.28778 | S30: 127.35891 | T30: 97.896802 | U30: 539.20699 | V30: 829.97716 | W30: 1189.4547 | X30: 95.963235 | Y30: 35.301703 | Z30: 81.749747 | AA30: 482.267 | AB30: 1096.7343 | AC30: 1279.7848 | AD30: 687.49851 | AE30: 449.60672 | AF30: 343.90099 | AG30: 538.99668 | AH30: 926.54301 | AI30: 1233.1622 | AJ30: 279.7673 | AK30: 128.34217 | AL30: 114.55295
B31: SD | C31: 16.723831 | D31: 19.167349 | E31: 13.240883 | F31: 92.166263 | G31: 47.390522 | H31: 55.577586 | I31: 118.49804 | J31: 77.393824 | K31: 49.796764 | L31: 792.10236 | M31: 650.67935 | N31: 337.36763 | O31: 45.788625 | P31: 28.045187 | Q31: 20.023158 | R31: 319.8562 | S31: 163.38153 | T31: 96.137653 | U31: 16.000679 | V31: 13.995855 | W31: 11.12443 | X31: 84.374985 | Y31: 35.799649 | Z31: 58.911253 | AA31: 117.33467 | AB31: 85.978123 | AC31: 55.129531 | AD31: 899.83748 | AE31: 694.80271 | AF31: 399.34007 | AG31: 47.075399 | AH31: 30.378547 | AI31: 19.524769 | AJ31: 329.63499 | AK31: 182.37878 | AL31: 95.463113
A32: P101 Ctl T5 | B32: AVG | C32: 1134.8536 | D32: 838.20911 | E32: 1157.6805 | F32: 170.9501 | G32: 62.333832 | H32: 79.392897 | I32: 1212.9564 | J32: 1065.5909 | K32: 1185.4941 | L32: 887.35353 | M32: 698.37157 | N32: 444.80018 | O32: 1125.5494 | P32: 928.47209 | Q32: 1175.8275 | R32: 432.455 | S32: 174.25178 | T32: 132.88675 | U32: 530.14467 | V32: 804.26015 | W32: 1181.4823 | X32: 85.802512 | Y32: 38.393815 | Z32: 85.793673 | AA32: 466.69355 | AB32: 1077.3392 | AC32: 1255.409 | AD32: 700.64417 | AE32: 455.65176 | AF32: 388.05879 | AG32: 528.19449 | AH32: 903.27785 | AI32: 1223.7018 | AJ32: 264.42313 | AK32: 113.4662 | AL32: 124.28414
B33: SD | C33: 22.735558 | D33: 14.400905 | E33: 11.09716 | F33: 133.43128 | G33: 54.012724 | H33: 66.622835 | I33: 151.36182 | J33: 119.64586 | K33: 57.738466 | L33: 983.55347 | M33: 848.9171 | N33: 451.52352 | O33: 52.721487 | P33: 25.849528 | Q33: 15.679716 | R33: 430.38001 | S33: 203.76533 | T33: 117.79566 | U33: 13.9088 | V33: 11.695567 | W33: 13.357859 | X33: 74.720848 | Y33: 29.880447 | Z33: 66.858582 | AA33: 110.17343 | AB33: 76.574885 | AC33: 57.676658 | AD33: 871.35265 | AE33: 684.05338 | AF33: 469.8795 | AG33: 43.042603 | AH33: 23.008768 | AI33: 20.826213 | AJ33: 315.38098 | AK33: 155.66994 | AL33: 118.23527
A34: P101 Ctl T6 | B34: AVG | C34: 1134.9174 | D34: 822.62166 | E34: 1155.6374 | F34: 128.41079 | G34: 62.621868 | H34: 79.529988 | I34: 1211.7701 | J34: 1067.9328 | K34: 1189.095 | L34: 860.87797 | M34: 618.98616 | N34: 402.13762 | O34: 1139.943 | P34: 907.69806 | Q34: 1175.9086 | R34: 377.51828 | S34: 196.49818 | T34: 133.93511 | U34: 537.30744 | V34: 788.11797 | W34: 1180.9035 | X34: 96.481385 | Y34: 40.122752 | Z34: 81.72444 | AA34: 471.86399 | AB34: 1067.7782 | AC34: 1255.8012 | AD34: 675.06878 | AE34: 372.28231 | AF34: 336.33935 | AG34: 531.14332 | AH34: 886.79683 | AI34: 1222.3409 | AJ34: 282.62723 | AK34: 115.71476 | AL34: 125.9822
B35: SD | C35: 18.531806 | D35: 13.243955 | E35: 10.213165 | F35: 104.65752 | G35: 43.108036 | H35: 61.591447 | I35: 133.36907 | J35: 100.25662 | K35: 48.920892 | L35: 884.68437 | M35: 764.54004 | N35: 431.4079 | O35: 54.319963 | P35: 32.686155 | Q35: 16.753536 | R35: 370.42489 | S35: 211.60329 | T35: 127.57369 | U35: 15.849549 | V35: 14.964514 | W35: 14.316192 | X35: 78.391486 | Y35: 35.657161 | Z35: 58.908098 | AA35: 108.90272 | AB35: 62.870911 | AC35: 47.942863 | AD35: 812.63609 | AE35: 546.81814 | AF35: 374.98054 | AG35: 47.180748 | AH35: 24.557165 | AI35: 20.518589 | AJ35: 324.07449 | AK35: 145.11584 | AL35: 107.2096
A36: P101 Ctl T7 | B36: AVG | C36: 1126.0725 | D36: 803.4971 | E36: 1151.4369 | F36: 132.26195 | G36: 57.479875 | H36: 66.015592 | I36: 1201.2694 | J36: 1053.3854 | K36: 1187.9643 | L36: 719.813 | M36: 505.1316 | N36: 302.82126 | O36: 1132.3022 | P36: 888.7714 | Q36: 1176.3331 | R36: 339.10237 | S36: 170.13627 | T36: 106.74429 | U36: 533.24536 | V36: 765.30518 | W36: 1184.3379 | X36: 102.2233 | Y36: 36.722771 | Z36: 88.201033 | AA36: 485.26924 | AB36: 1051.0527 | AC36: 1267.4906 | AD36: 556.54937 | AE36: 293.75866 | AF36: 300.22737 | AG36: 538.80219 | AH36: 869.73967 | AI36: 1230.3327 | AJ36: 216.74938 | AK36: 76.363903 | AL36: 113.49249
B37: SD | C37: 21.948399 | D37: 14.684099 | E37: 12.075684 | F37: 107.92151 | G37: 44.131259 | H37: 56.339113 | I37: 141.40628 | J37: 94.276679 | K37: 55.760819 | L37: 750.61613 | M37: 654.46398 | N37: 309.96893 | O37: 63.75867 | P37: 31.550887 | Q37: 20.33923 | R37: 343.56575 | S37: 188.25488 | T37: 95.000033 | U37: 16.869653 | V37: 12.077684 | W37: 14.015182 | X37: 77.264024 | Y37: 32.16223 | Z37: 72.283143 | AA37: 98.933855 | AB37: 66.462158 | AC37: 52.190102 | AD37: 756.64382 | AE37: 526.67259 | AF37: 392.173 | AG37: 33.893732 | AH37: 17.492576 | AI37: 19.085343 | AJ37: 234.32057 | AK37: 116.18844 | AL37: 117.08882
A38: P101 Ctl T8 | B38: AVG | C38: 1130.4354 | D38: 801.03515 | E38: 1151.672 | F38: 137.28607 | G38: 61.903008 | H38: 78.326441 | I38: 1198.6902 | J38: 1048.8256 | K38: 1192.0439 | L38: 838.7619 | M38: 593.02359 | N38: 354.21592 | O38: 1133.2852 | P38: 885.17443 | Q38: 1178.6819 | R38: 390.8401 | S38: 187.4616 | T38: 122.72014 | U38: 537.2813 | V38: 755.39062 | W38: 1182.5232 | X38: 95.156249 | Y38: 39.150966 | Z38: 81.540331 | AA38: 464.7354 | AB38: 1026.9116 | AC38: 1255.844 | AD38: 678.02949 | AE38: 453.51715 | AF38: 390.68885 | AG38: 533.90382 | AH38: 856.13778 | AI38: 1226.1536 | AJ38: 239.49127 | AK38: 101.32873 | AL38: 113.20877
B39: SD | C39: 20.166415 | D39: 13.303619 | E39: 11.889838 | F39: 113.79506 | G39: 47.152371 | H39: 65.901295 | I39: 136.9651 | J39: 99.008906 | K39: 51.904288 | L39: 905.37069 | M39: 784.35111 | N39: 379.51884 | O39: 59.910677 | P39: 31.379059 | Q39: 18.898433 | R39: 389.78606 | S39: 212.09713 | T39: 116.25692 | U39: 14.54288 | V39: 15.30965 | W39: 13.428303 | X39: 79.328206 | Y39: 37.439518 | Z39: 66.989504 | AA39: 107.95449 | AB39: 80.620473 | AC39: 57.327082 | AD39: 884.78599 | AE39: 667.63848 | AF39: 457.25683 | AG39: 39.815145 | AH39: 24.757 | AI39: 19.639452 | AJ39: 283.41633 | AK39: 140.47138 | AL39: 97.118785
A40: P101 Ctl T9 | B40: AVG | C40: 1138.9687 | D40: 768.53579 | E40: 1147.3623 | F40: 148.10549 | G40: 67.584897 | H40: 82.371409 | I40: 1213.1705 | J40: 1015.0667 | K40: 1176.197 | L40: 842.17668 | M40: 647.15337 | N40: 368.82774 | O40: 1143.571 | P40: 853.07446 | Q40: 1172.352 | R40: 406.37211 | S40: 205.5333 | T40: 129.81902 | U40: 541.24072 | V40: 737.57643 | W40: 1178.089 | X40: 104.75635 | Y40: 48.503301 | Z40: 97.16515 | AA40: 471.47227 | AB40: 1010.5872 | AC40: 1247.9356 | AD40: 811.99857 | AE40: 479.35609 | AF40: 400.27665 | AG40: 538.48253 | AH40: 836.71293 | AI40: 1222.5144 | AJ40: 313.82666 | AK40: 127.73487 | AL40: 126.12347
B41: SD | C41: 19.935227 | D41: 15.45679 | E41: 10.651932 | F41: 117.90617 | G41: 49.485025 | H41: 65.473053 | I41: 133.68793 | J41: 108.09694 | K41: 49.314114 | L41: 900.73038 | M41: 835.1104 | N41: 385.80406 | O41: 59.181827 | P41: 36.64271 | Q41: 17.218582 | R41: 405.66624 | S41: 235.4136 | T41: 113.24185 | U41: 13.741344 | V41: 13.695873 | W41: 14.484849 | X41: 87.436452 | Y41: 42.476612 | Z41: 77.260059 | AA41: 106.37475 | AB41: 74.149262 | AC41: 53.678176 | AD41: 851.51387 | AE41: 647.35869 | AF41: 434.924 | AG41: 40.73568 | AH41: 22.373868 | AI41: 20.575858 | AJ41: 317.15887 | AK41: 150.023 | AL41: 114.67478
A42: P101 Ctl T10 | B42: AVG | C42: 1175.9782 | D42: 820.3899 | E42: 1151.9892 | F42: 161.92112 | G42: 68.350203 | H42: 77.696408 | I42: 1263.7042 | J42: 1050.3454 | K42: 1181.5136 | L42: 954.69903 | M42: 716.07135 | N42: 417.44288 | O42: 1184.2374 | P42: 899.84916 | Q42: 1178.5352 | R42: 460.96835 | S42: 227.96043 | T42: 129.04643 | U42: 565.10548 | V42: 805.88004 | W42: 1184.7869 | X42: 92.256348 | Y42: 39.453634 | Z42: 82.650543 | AA42: 494.62065 | AB42: 1070.5505 | AC42: 1256.4486 | AD42: 832.23409 | AE42: 513.74014 | AF42: 418.56639 | AG42: 559.26089 | AH42: 898.01439 | AI42: 1228.9186 | AJ42: 316.92917 | AK42: 142.01264 | AL42: 130.29899
B43: SD | C43: 22.457815 | D43: 11.9713 | E43: 10.406683 | F43: 127.71055 | G43: 47.882732 | H43: 62.984373 | I43: 141.73685 | J43: 114.34129 | K43: 53.085843 | L43: 916.02455 | M43: 801.80189 | N43: 408.40479 | O43: 63.245318 | P43: 35.745411 | Q43: 16.654197 | R43: 405.28498 | S43: 228.88192 | T43: 113.93663 | U43: 12.71686 | V43: 8.7670351 | W43: 13.241786 | X43: 78.732572 | Y43: 32.99312 | Z43: 64.908584 | AA43: 117.32021 | AB43: 73.168152 | AC43: 52.734134 | AD43: 893.58372 | AE43: 661.41725 | AF43: 444.49701 | AG43: 48.104495 | AH43: 22.611388 | AI43: 20.214974 | AJ43: 329.16142 | AK43: 172.84555 | AL43: 120.71257
A44: P101 Iso T1 | B44: AVG | C44: 1185.8283 | D44: 897.61399 | E44: 1159.9378 | F44: 133.05076 | G44: 62.925279 | H44: 73.426634 | I44: 1279.787 | J44: 1135.1945 | K44: 1213.7015 | L44: 798.57025 | M44: 625.86141 | N44: 395.87358 | O44: 1189.5059 | P44: 987.07775 | Q44: 1183.8091 | R44: 322.20448 | S44: 155.82431 | T44: 116.09366 | U44: 586.47248 | V44: 901.30312 | W44: 1190.3087 | X44: 87.288834 | Y44: 38.113774 | Z44: 93.61014 | AA44: 543.14874 | AB44: 1180.1515 | AC44: 1284.5229 | AD44: 626.59732 | AE44: 313.20632 | AF44: 354.09141 | AG44: 588.0308 | AH44: 999.0628 | AI44: 1234.5856 | AJ44: 266.11608 | AK44: 100.63497 | AL44: 139.60475
B45: SD | C45: 20.388054 | D45: 13.111678 | E45: 12.195051 | F45: 112.59359 | G45: 45.659135 | H45: 59.11771 | I45: 128.71207 | J45: 104.75102 | K45: 50.654689 | L45: 852.74686 | M45: 771.89183 | N45: 412.27807 | O45: 48.635448 | P45: 27.54257 | Q45: 16.717917 | R45: 328.25353 | S45: 175.53255 | T45: 95.595041 | U45: 14.708451 | V45: 9.0457595 | W45: 11.278538 | X45: 77.81544 | Y45: 28.860096 | Z45: 69.401828 | AA45: 104.72342 | AB45: 62.348524 | AC45: 46.816054 | AD45: 795.01006 | AE45: 513.15169 | AF45: 419.65466 | AG45: 43.351109 | AH45: 21.925832 | AI45: 17.895672 | AJ45: 322.17931 | AK45: 137.65951 | AL45: 124.02508
A46: P101 Iso T2 | B46: AVG | C46: 1169.4021 | D46: 894.10266 | E46: 1156.0745 | F46: 127.44582 | G46: 62.130027 | H46: 73.921445 | I46: 1241.336 | J46: 1143.1536 | K46: 1218.8361 | L46: 751.72878 | M46: 534.27792 | N46: 358.6223 | O46: 1171.0021 | P46: 979.63398 | Q46: 1186.4478 | R46: 320.24041 | S46: 151.80513 | T46: 112.21203 | U46: 564.09837 | V46: 877.73434 | W46: 1186.4428 | X46: 97.560932 | Y46: 41.429961 | Z46: 83.142124 | AA46: 487.82572 | AB46: 1142.6383 | AC46: 1264.3495 | AD46: 777.49202 | AE46: 474.93439 | AF46: 389.76014 | AG46: 553.70091 | AH46: 971.87571 | AI46: 1226.9088 | AJ46: 309.55272 | AK46: 137.36322 | AL46: 126.84091
B47: SD | C47: 18.619418 | D47: 13.671363 | E47: 11.38397 | F47: 108.29494 | G47: 46.920281 | H47: 55.562602 | I47: 122.95426 | J47: 93.385939 | K47: 51.714398 | L47: 826.63216 | M47: 712.13613 | N47: 410.84128 | O47: 51.551639 | P47: 29.583223 | Q47: 18.675984 | R47: 342.17276 | S47: 171.12101 | T47: 102.88929 | U47: 16.775691 | V47: 10.976377 | W47: 14.637306 | X47: 83.676555 | Y47: 33.960653 | Z47: 65.81723 | AA47: 116.12976 | AB47: 84.202686 | AC47: 55.981629 | AD47: 875.09437 | AE47: 655.49594 | AF47: 428.43018 | AG47: 51.010385 | AH47: 29.972997 | AI47: 22.689247 | AJ47: 312.10269 | AK47: 173.56322 | AL47: 114.17456
A48: P101 Iso T3 | B48: AVG | C48: 1164.7634 | D48: 892.02223 | E48: 1155.0142 | F48: 130.43741 | G48: 53.622331 | H48: 72.131172 | I48: 1259.4698 | J48: 1130.7977 | K48: 1214.1852 | L48: 825.00824 | M48: 547.85987 | N48: 385.56705 | O48: 1175.4305 | P48: 973.02136 | Q48: 1185.9954 | R48: 363.07426 | S48: 162.29875 | T48: 113.02801 | U48: 558.31075 | V48: 870.59585 | W48: 1181.4648 | X48: 102.0695 | Y48: 38.491043 | Z48: 92.779046 | AA48: 479.05132 | AB48: 1130.5945 | AC48: 1261.0255 | AD48: 753.66 | AE48: 506.68454 | AF48: 436.73992 | AG48: 547.06151 | AH48: 962.80289 | AI48: 1224.0953 | AJ48: 312.41466 | AK48: 157.15516 | AL48: 152.14205
B49: SD | C49: 19.043703 | D49: 11.641728 | E49: 9.3491178 | F49: 102.84495 | G49: 41.261653 | H49: 57.165034 | I49: 123.93981 | J49: 92.169612 | K49: 51.322497 | L49: 858.81855 | M49: 665.18814 | N49: 401.17782 | O49: 53.306591 | P49: 29.066685 | Q49: 16.110479 | R49: 367.85434 | S49: 168.28477 | T49: 101.55239 | U49: 15.216921 | V49: 12.226669 | W49: 13.629045 | X49: 90.549895 | Y49: 34.336618 | Z49: 71.383819 | AA49: 118.92919 | AB49: 86.10419 | AC49: 64.783995 | AD49: 862.36113 | AE49: 683.1941 | AF49: 468.51056 | AG49: 52.388205 | AH49: 31.220492 | AI49: 25.201554 | AJ49: 344.27266 | AK49: 197.05991 | AL49: 140.22949
A50: P101 Iso T4 | B50: AVG | C50: 1176.977 | D50: 893.99918 | E50: 1153.676 | F50: 129.27251 | G50: 56.533964 | H50: 75.143085 | I50: 1257.8184 | J50: 1143.6225 | K50: 1210.3185 | L50: 872.1993 | M50: 516.28518 | N50: 372.48926 | O50: 1183.571 | P50: 976.80413 | Q50: 1185.7737 | R50: 394.94509 | S50: 160.11435 | T50: 118.8189 | U50: 579.46818 | V50: 863.65909 | W50: 1191.6772 | X50: 92.320499 | Y50: 34.500568 | Z50: 88.397651 | AA50: 527.61689 | AB50: 1141.5225 | AC50: 1278.9504 | AD50: 686.38831 | AE50: 380.78968 | AF50: 370.43187 | AG50: 578.92866 | AH50: 960.45386 | AI50: 1236.8948 | AJ50: 286.5401 | AK50: 120.33874 | AL50: 138.44368
B51: SD | C51: 17.975057 | D51: 10.944295 | E51: 11.260378 | F51: 98.005658 | G51: 44.535276 | H51: 54.30537 | I51: 124.82897 | J51: 79.885075 | K51: 47.290556 | L51: 851.07898 | M51: 615.27381 | N51: 361.83632 | O51: 52.968538 | P51: 25.638485 | Q51: 16.834141 | R51: 368.79432 | S51: 163.31226 | T51: 96.752808 | U51: 13.222598 | V51: 14.064518 | W51: 11.734596 | X51: 71.64609 | Y51: 30.262216 | Z51: 69.854857 | AA51: 104.10261 | AB51: 63.112432 | AC51: 51.340814 | AD51: 828.37137 | AE51: 578.95735 | AF51: 429.40991 | AG51: 43.891551 | AH51: 24.083034 | AI51: 20.044006 | AJ51: 314.37667 | AK51: 159.0073 | AL51: 129.134
A52: P101 Iso T5 | B52: AVG | C52: 1168.4774 | D52: 876.03281 | E52: 1152.5102 | F52: 130.71595 | G52: 60.998759 | H52: 81.261928 | I52: 1245.3538 | J52: 1121.9703 | K52: 1210.5123 | L52: 942.50029 | M52: 597.81126 | N52: 438.12345 | O52: 1172.9606 | P52: 956.91068 | Q52: 1188.0538 | R52: 436.84324 | S52: 188.37279 | T52: 139.49833 | U52: 577.85959 | V52: 840.30616 | W52: 1187.791 | X52: 100.00406 | Y52: 44.401686 | Z52: 94.018262 | AA52: 511.70094 | AB52: 1114.6634 | AC52: 1270.4154 | AD52: 803.24484 | AE52: 425.10255 | AF52: 404.26689 | AG52: 572.8714 | AH52: 936.43537 | AI52: 1231.8495 | AJ52: 335.11177 | AK52: 127.47479 | AL52: 136.7977
B53: SD | C53: 14.744872 | D53: 12.458842 | E53: 10.791948 | F53: 98.182281 | G53: 44.537203 | H53: 57.872441 | I53: 125.74257 | J53: 84.622659 | K53: 51.453756 | L53: 934.95021 | M53: 711.13074 | N53: 442.22247 | O53: 52.726256 | P53: 26.662925 | Q53: 17.740666 | R53: 419.15192 | S53: 186.26861 | T53: 119.12466 | U53: 16.207309 | V53: 10.30204 | W53: 13.58933 | X53: 79.868193 | Y53: 34.454454 | Z53: 76.448537 | AA53: 107.4187 | AB53: 62.849147 | AC53: 50.988056 | AD53: 892.08893 | AE53: 585.40445 | AF53: 444.09962 | AG53: 46.901151 | AH53: 21.55393 | AI53: 20.517165 | AJ53: 350.38531 | AK53: 156.77167 | AL53: 128.90933
A54: P101 Iso T6 | B54: AVG | C54: 1176.4986 | D54: 859.52569 | E54: 1151.5352 | F54: 126.44835 | G54: 64.397372 | H54: 69.85717 | I54: 1274.9086 | J54: 1095.8609 | K54: 1200.5109 | L54: 882.7629 | M54: 620.85607 | N54: 392.27928 | O54: 1188.4721 | P54: 939.05393 | Q54: 1189.519 | R54: 430.35468 | S54: 203.13218 | T54: 119.32761 | U54: 581.88601 | V54: 838.87685 | W54: 1184.2117 | X54: 104.99972 | Y54: 44.340592 | Z54: 101.4508 | AA54: 492.2817 | AB54: 1098.8636 | AC54: 1256.334 | AD54: 961.6412 | AE54: 523.31299 | AF54: 489.4448 | AG54: 568.55764 | AH54: 929.41452 | AI54: 1229.7159 | AJ54: 417.53343 | AK54: 161.21809 | AL54: 159.9142
B55: SD | C55: 16.061408 | D55: 12.364986 | E55: 8.3294578 | F55: 97.882445 | G55: 43.83889 | H55: 56.590573 | I55: 128.54729 | J55: 102.36525 | K55: 47.577581 | L55: 856.85232 | M55: 719.64024 | N55: 386.49366 | O55: 57.779742 | P55: 34.130875 | Q55: 13.870403 | R55: 405.98038 | S55: 206.23109 | T55: 104.24048 | U55: 14.672209 | V55: 11.423 | W55: 15.136206 | X55: 82.222793 | Y55: 35.444064 | Z55: 75.532101 | AA55: 116.59293 | AB55: 72.166475 | AC55: 62.65712 | AD55: 878.03678 | AE55: 591.18967 | AF55: 446.2455 | AG55: 51.176248 | AH55: 25.360038 | AI55: 24.108043 | AJ55: 348.25159 | AK55: 167.61756 | AL55: 131.94597
A56: P101 Iso T7 | B56: AVG | C56: 1175.2623 | D56: 855.87325 | E56: 1149.5639 | F56: 118.66646 | G56: 56.371275 | H56: 68.085344 | I56: 1282.9308 | J56: 1087.0437 | K56: 1201.8332 | L56: 673.9198 | M56: 535.22527 | N56: 336.83426 | O56: 1190.3799 | P56: 934.64227 | Q56: 1190.9397 | R56: 344.1081 | S56: 178.53562 | T56: 107.92744 | U56: 586.40131 | V56: 839.77792 | W56: 1189.4707 | X56: 81.971004 | Y56: 32.628288 | Z56: 81.400046 | AA56: 540.88344 | AB56: 1112.6946 | AC56: 1284.2959 | AD56: 635.24359 | AE56: 341.29954 | AF56: 328.21993 | AG56: 590.80009 | AH56: 932.8951 | AI56: 1242.3688 | AJ56: 283.20252 | AK56: 105.43544 | AL56: 112.03426
B57: SD | C57: 17.685176 | D57: 14.720033 | E57: 11.550844 | F57: 101.2674 | G57: 41.432055 | H57: 51.434708 | I57: 130.22019 | J57: 107.85699 | K57: 56.729515 | L57: 762.13557 | M57: 675.18901 | N57: 360.04649 | O57: 60.593291 | P57: 36.820554 | Q57: 19.751901 | R57: 374.98483 | S57: 192.48785 | T57: 99.346088 | U57: 13.84075 | V57: 8.788821 | W57: 13.325139 | X57: 64.464686 | Y57: 32.179355 | Z57: 63.756627 | AA57: 111.51007 | AB57: 63.928487 | AC57: 55.927915 | AD57: 823.98562 | AE57: 526.91524 | AF57: 414.82414 | AG57: 48.318089 | AH57: 22.237312 | AI57: 21.113032 | AJ57: 343.30407 | AK57: 142.10864 | AL57: 116.58241
A58: P101 Iso T8 | B58: AVG | C58: 1176.9674 | D58: 846.37984 | E58: 1150.9443 | F58: 123.65113 | G58: 57.979936 | H58: 72.22897 | I58: 1262.7557 | J58: 1105.0407 | K58: 1200.7866 | L58: 790.21941 | M58: 520.19383 | N58: 359.12501 | O58: 1174.7986 | P58: 943.73086 | Q58: 1172.1149 | R58: 294.2004 | S58: 103.80576 | T58: 95.51275 | U58: 589.75915 | V58: 841.77255 | W58: 1191.9436 | X58: 83.742416 | Y58: 38.358324 | Z58: 92.498449 | AA58: 530.84061 | AB58: 1112.2569 | AC58: 1271.7482 | AD58: 793.34446 | AE58: 379.07702 | AF58: 392.10796 | AG58: 588.46167 | AH58: 937.64811 | AI58: 1226.1806 | AJ58: 296.30337 | AK58: 104.98933 | AL58: 130.92063
B59: SD | C59: 15.456652 | D59: 11.505006 | E59: 8.4116776 | F59: 96.610057 | G59: 41.38123 | H59: 53.103259 | I59: 107.13342 | J59: 81.649326 | K59: 43.719908 | L59: 808.31529 | M59: 661.4584 | N59: 366.60721 | O59: 34.110375 | P59: 19.329599 | Q59: 11.443035 | R59: 295.89754 | S59: 98.677396 | T59: 85.447794 | U59: 12.340928 | V59: 10.242619 | W59: 12.006609 | X59: 64.256794 | Y59: 33.837655 | Z59: 72.071585 | AA59: 113.78058 | AB59: 63.32565 | AC59: 51.996275 | AD59: 855.31354 | AE59: 502.48166 | AF59: 379.74178 | AG59: 44.87116 | AH59: 21.729652 | AI59: 19.411612 | AJ59: 295.33142 | AK59: 120.77608 | AL59: 100.68616
A60: P101 Iso T9 | B60: AVG | C60: 1174.427 | D60: 848.58288 | E60: 1145.4363 | F60: 132.64489 | G60: 62.623933 | H60: 67.045654 | I60: 1274.0544 | J60: 1092.9941 | K60: 1186.613 | L60: 841.49417 | M60: 578.88091 | N60: 388.56889 | O60: 1172.7145 | P60: 945.5535 | Q60: 1166.0923 | R60: 356.88201 | S60: 125.51059 | T60: 106.48482 | U60: 584.71368 | V60: 843.69129 | W60: 1189.0536 | X60: 88.606086 | Y60: 35.374169 | Z60: 89.335524 | AA60: 526.2163 | AB60: 1116.187 | AC60: 1280.6962 | AD60: 791.97457 | AE60: 365.2058 | AF60: 371.59578 | AG60: 582.17988 | AH60: 938.71903 | AI60: 1230.9236 | AJ60: 304.93495 | AK60: 107.37993 | AL60: 126.19117
B61: SD | C61: 20.380945 | D61: 13.105324 | E61: 7.9474484 | F61: 110.23251 | G61: 41.513155 | H61: 56.442119 | I61: 125.94671 | J61: 96.311555 | K61: 49.869027 | L61: 805.8445 | M61: 673.66625 | N61: 357.45133 | O61: 42.674192 | P61: 22.221079 | Q61: 11.952337 | R61: 331.43536 | S61: 117.38811 | T61: 98.181549 | U61: 12.085265 | V61: 10.910137 | W61: 11.461963 | X61: 68.274851 | Y61: 31.83532 | Z61: 62.370082 | AA61: 103.2715 | AB61: 57.329121 | AC61: 50.873386 | AD61: 809.55431 | AE61: 479.21106 | AF61: 389.52121 | AG61: 40.306202 | AH61: 20.404527 | AI61: 18.858976 | AJ61: 288.22279 | AK61: 126.57546 | AL61: 109.41074
A62: P101 Iso T10 | B62: AVG | C62: 1170.2979 | D62: 847.9881 | E62: 1154.9003 | F62: 144.659 | G62: 62.94721 | H62: 70.769921 | I62: 1251.8081 | J62: 1101.0163 | K62: 1209.2744 | L62: 865.82001 | M62: 552.24391 | N62: 352.7213 | O62: 1166.9097 | P62: 942.97377 | Q62: 1178.5056 | R62: 352.4592 | S62: 123.99679 | T62: 96.097552 | U62: 584.51612 | V62: 851.64354 | W62: 1185.414 | X62: 91.951531 | Y62: 40.522072 | Z62: 83.671307 | AA62: 545.62108 | AB62: 1134.733 | AC62: 1275.7557 | AD62: 671.09832 | AE62: 276.62285 | AF62: 330.35875 | AG62: 588.83911 | AH62: 949.76889 | AI62: 1225.82 | AJ62: 258.20654 | AK62: 81.706442 | AL62: 115.50935
B63: SD | C63: 19.301539 | D63: 10.798686 | E63: 8.3632847 | F63: 114.99496 | G63: 47.831485 | H63: 52.847158 | I63: 123.05101 | J63: 87.89234 | K63: 43.632759 | L63: 801.16536 | M63: 673.17606 | N63: 335.74244 | O63: 42.841806 | P63: 20.075108 | Q63: 12.268142 | R63: 299.07269 | S63: 120.45815 | T63: 82.343144 | U63: 14.245287 | V63: 9.0810519 | W63: 13.703267 | X63: 78.539146 | Y63: 36.465736 | Z63: 69.785107 | AA63: 97.599015 | AB63: 46.574097 | AC63: 48.920498 | AD63: 778.29376 | AE63: 417.894 | AF63: 369.83726 | AG63: 40.472876 | AH63: 15.876729 | AI63: 20.888372 | AJ63: 283.69717 | AK63: 106.69471 | AL63: 108.10365

Sheet P2
B1: Marker | C1: LeftMallet1 | I1: LeftMallet2 | O1: LeftMallet3 | U1: RightMallet1 | AA1: RightMallet2 | AG1: RightMallet3
B2: Axis | C2: X | D2: Y | E2: Z | F2: X' | G2: Y' | H2: Z' | I2: X | J2: Y | K2: Z | L2: X' | M2: Y' | N2: Z' | O2: X | P2: Y | Q2: Z | R2: X' | S2: Y' | T2: Z' | U2: X | V2: Y | W2: Z | X2: X' | Y2: Y' | Z2: Z' | AA2: X | AB2: Y | AC2: Z | AD2: X' | AE2: Y' | AF2: Z' | AG2: X | AH2: Y | AI2: Z | AJ2: X' | AK2: Y' | AL2: Z'
A3: Trial | B3: Stats
A4: Con1 | B4: AVG | C4: 1395.6817 | D4: 1133.6191 | E4: 1093.076 | F4: 74.790408 | G4: 30.827831 | H4: 42.173155 | I4: 1420.0504 | J4: 1289.7366 | K4: 1384.57 | L4: 528.49344 | M4: 123.50865 | N4: 117.60801 | O4: 1385.9133 | P4: 1199.6668 | Q4: 1203.4092 | R4: 208.56558 | S4: 39.429101 | T4: 48.682908 | U4: 769.2339 | V4: 1077.9388 | W4: 1081.3212 | X4: 67.836698 | Y4: 25.632225 | Z4: 34.347999 | AA4: 703.34855 | AB4: 1276.5279 | AC4: 1339.8504 | AD4: 647.0837 | AE4: 113.49255 | AF4: 106.3444 | AG4: 759.49966 | AH4: 1152.5371 | AI4: 1185.8737 | AJ4: 265.66856 | AK4: 42.108856 | AL4: 42.100927
B5: SD | C5: 14.480014 | D5: 6.2475454 | E5: 9.0354651 | F5: 83.7731 | G5: 29.575882 | H5: 40.235442 | I5: 62.025686 | J5: 15.600902 | K5: 20.046416 | L5: 693.51338 | M5: 161.51302 | N5: 165.95101 | O5: 22.553984 | P5: 5.2663768 | Q5: 10.238077 | R5: 278.7218 | S5: 49.066875 | T5: 48.749837 | U5: 9.4512617 | V5: 5.55755 | W5: 5.6916397 | X5: 59.815919 | Y5: 22.154856 | Z5: 41.49144 | AA5: 69.229129 | AB5: 16.971453 | AC5: 14.85289 | AD5: 1731.192 | AE5: 135.376 | AF5: 144.06354 | AG5: 31.89579 | AH5: 7.0695234 | AI5: 7.1780771 | AJ5: 303.65472 | AK5: 47.050096 | AL5: 36.769147
A6: Con2 | B6: AVG | C6: 1380.946 | D6: 1142.5654 | E6: 1082.2082 | F6: 78.208635 | G6: 28.088253 | H6: 49.11559 | I6: 1423.4598 | J6: 1287.185 | K6: 1376.1175 | L6: 606.95916 | M6: 111.20272 | N6: 181.02298 | O6: 1376.9352 | P6: 1203.0783 | Q6: 1195.0519 | R6: 240.37271 | S6: 36.693235 | T6: 67.298326 | U6: 772.75902 | V6: 1084.5458 | W6: 1077.311 | X6: 70.432359 | Y6: 30.60466 | Z6: 34.657132 | AA6: 704.64345 | AB6: 1264.3582 | AC6: 1344.585 | AD6: 701.71848 | AE6: 138.99353 | AF6: 146.74134 | AG6: 761.727 | AH6: 1150.4021 | AI6: 1184.6808 | AJ6: 296.49955 | AK6: 46.53359 | AL6: 49.155797
B7: SD | C7: 10.650746 | D7: 5.5949193 | E7: 7.9074659 | F7: 81.264733 | G7: 26.488564 | H7: 48.484638 | I7: 64.552517 | J7: 13.22843 | K7: 23.591525 | L7: 747.77851 | M7: 142.72079 | N7: 243.38104 | O7: 25.049014 | P7: 5.607152 | Q7: 10.531808 | R7: 294.40871 | S7: 40.450118 | T7: 67.24708 | U7: 8.8061952 | V7: 6.5062845 | W7: 7.0408393 | X7: 76.3865 | Y7: 25.913885 | Z7: 37.697111 | AA7: 73.330642 | AB7: 17.488682 | AC7: 17.731607 | AD7: 806.06456 | AE7: 158.40473 | AF7: 184.94289 | AG7: 31.983701 | AH7: 6.8299619 | AI7: 7.9498609 | AJ7: 325.36444 | AK7: 55.567222 | AL7: 52.379575
A8: Con3 | B8: AVG | C8: 1380.9184 | D8: 1142.4185 | E8: 1084.0669 | F8: 77.393319 | G8: 29.719375 | H8: 50.316117 | I8: 1425.609 | J8: 1294.7549 | K8: 1375.4437 | L8: 593.90112 | M8: 111.63248 | N8: 149.20432 | O8: 1377.7463 | P8: 1206.0354 | Q8: 1195.7878 | R8: 238.08503 | S8: 36.904458 | T8: 56.625159 | U8: 769.55157 | V8: 1079.8884 | W8: 1082.7936 | X8: 68.837626 | Y8: 34.432091 | Z8: 39.895391 | AA8: 691.27032 | AB8: 1264.2693 | AC8: 1340.6274 | AD8: 781.08498 | AE8: 167.67016 | AF8: 198.89595 | AG8: 754.34129 | AH8: 1148.1772 | AI8: 1187.7317 | AJ8: 328.8165 | AK8: 58.42278 | AL8: 71.43158
B9: SD | C9: 15.30355 | D9: 6.13915 | E9: 10.113713 | F9: 74.951129 | G9: 33.258702 | H9: 49.87441 | I9: 60.546171 | J9: 15.318718 | K9: 21.549531 | L9: 707.8052 | M9: 132.94269 | N9: 219.0976 | O9: 26.221913 | P9: 7.2604385 | Q9: 12.328676 | R9: 282.27986 | S9: 39.144441 | T9: 62.565771 | U9: 10.042119 | V9: 8.480703 | W9: 7.1427656 | X9: 70.538673 | Y9: 29.753382 | Z9: 41.195537 | AA9: 86.582343 | AB9: 22.88248 | AC9: 28.247877 | AD9: 893.08173 | AE9: 203.63702 | AF9: 263.12296 | AG9: 38.280151 | AH9: 9.8844608 | AI9: 10.606491 | AJ9: 355.0112 | AK9: 69.797031 | AL9: 84.558371
A10: Con4 | B10: AVG | C10: 1377.5953 | D10: 1148.1772 | E10: 1084.3429 | F10: 89.36433 | G10: 37.616591 | H10: 55.013588 | I10: 1445.7454 | J10: 1288.4014 | K10: 1372.8385 | L10: 687.182 | M10: 153.1532 | N10: 206.39591 | O10: 1384.1157 | P10: 1207.6372 | Q10: 1196.9855 | R10: 267.89541 | S10: 55.767128 | T10: 86.18343 | U10: 762.28798 | V10: 1079.5643 | W10: 1077.3807 | X10: 95.168772 | Y10: 40.544396 | Z10: 61.688702 | AA10: 675.05985 | AB10: 1260.7367 | AC10: 1331.2128 | AD10: 816.22087 | AE10: 188.70221 | AF10: 206.76315 | AG10: 743.57125 | AH10: 1147.8673 | AI10: 1180.4813 | AJ10: 335.93769 | AK10: 73.141826 | AL10: 68.188641
B11: SD | C11: 11.014931 | D11: 6.7907809 | E11: 8.1183911 | F11: 86.007282 | G11: 48.173783 | H11: 71.082116 | I11: 77.96668 | J11: 18.587358 | K11: 30.020988 | L11: 919.37013 | M11: 196.51293 | N11: 305.47206 | O11: 30.652528 | P11: 6.6277131 | Q11: 12.618691 | R11: 349.92945 | S11: 74.901515 | T11: 110.7183 | U11: 11.869778 | V11: 6.9316588 | W11: 5.1217039 | X11: 116.79932 | Y11: 39.545369 | Z11: 118.79899 | AA11: 98.633006 | AB11: 29.080428 | AC11: 29.755696 | AD11: 1193.089 | AE11: 281.0242 | AF11: 324.49332 | AG11: 43.826846 | AH11: 11.468475 | AI11: 9.2507212 | AJ11: 451.70896 | AK11: 109.70385 | AL11: 99.303815
A12: Con5 | B12: AVG | C12: 1386.0192 | D12: 1153.2498 | E12: 1099.2281 | F12: 117.98776 | G12: 50.953222 | H12: 51.619637 | I12: 1454.7354 | J12: 1309.317 | K12: 1369.5249 | L12: 850.48995 | M12: 291.99124 | N12: 330.29006 | O12: 1389.7884 | P12: 1221.1541 | Q12: 1204.4668 | R12: 314.58789 | S12: 95.766416 | T12: 102.55431 | U12: 747.41072 | V12: 1083.4919 | W12: 1077.2281 | X12: 103.14579 | Y12: 45.571622 | Z12: 56.961111 | AA12: 631.86869 | AB12: 1264.6446 | AC12: 1311.7906 | AD12: 896.45247 | AE12: 231.65672 | AF12: 241.77013 | AG12: 720.49189 | AH12: 1155.647 | AI12: 1170.201 | AJ12: 364.99641 | AK12: 79.780639 | AL12: 77.597662
B13: SD | C13: 17.357032 | D13: 11.340811 | E13: 9.4582801 | F13: 127.16601 | G13: 50.669251 | H13: 42.907627 | I13: 78.808342 | J13: 38.610674 | K13: 42.01637 | L13: 3027.2143 | M13: 429.88339 | N13: 744.82574 | O13: 30.947597 | P13: 10.419716 | Q13: 16.83769 | R13: 489.51106 | S13: 180.34262 | T13: 153.67145 | U13: 14.99274 | V13: 8.5673993 | W13: 11.068194 | X13: 95.426809 | Y13: 39.203611 | Z13: 46.647474 | AA13: 98.883919 | AB13: 34.654443 | AC13: 34.257424 | AD13: 2849.9415 | AE13: 385.603 | AF13: 399.91893 | AG13: 47.135165 | AH13: 13.215027 | AI13: 12.839206 | AJ13: 720.18228 | AK13: 107.58512 | AL13: 84.198915
A14: Con6 | B14: AVG | C14: 1368.4973 | D14: 1161.9696 | E14: 1086.6901 | F14: 151.5917 | G14: 48.37674 | H14: 79.600184 | I14: 1430.1676 | J14: 1309.7927 | K14: 1362.8163 | L14: 987.65785 | M14: 360.32253 | N14: 431.20988 | O14: 1369.3059 | P14: 1225.3099 | Q14: 1195.2589 | R14: 392.59962 | S14: 123.6632 | T14: 148.96833 | U14: 734.43729 | V14: 1076.7714 | W14: 1070.09 | X14: 136.8256 | Y14: 53.961896 | Z14: 81.087993 | AA14: 644.06559 | AB14: 1245.192 | AC14: 1331.2747 | AD14: 938.18676 | AE14: 283.29696 | AF14: 276.99507 | AG14: 716.33567 | AH14: 1145.8405 | AI14: 1172.725 | AJ14: 388.96562 | AK14: 96.958163 | AL14: 94.216276
B15: SD | C15: 20.765851 | D15: 11.6027 | E15: 12.108393 | F15: 150.35178 | G15: 55.251792 | H15: 120.2064 | I15: 88.664094 | J15: 33.490949 | K15: 43.714991 | L15: 1505.0758 | M15: 478.93392 | N15: 693.2785 | O15: 33.92497 | P15: 11.396687 | Q15: 15.60036 | R15: 556.8275 | S15: 166.20737 | T15: 183.21171 | U15: 15.959276 | V15: 12.201454 | W15: 8.6021777 | X15: 158.87829 | Y15: 49.786156 | Z15: 152.63449 | AA15: 95.405935 | AB15: 33.758839 | AC15: 28.388242 | AD15: 1422.927 | AE15: 389.3991 | AF15: 386.28135 | AG15: 43.983377 | AH15: 13.07817 | AI15: 10.830248 | AJ15: 530.18844 | AK15: 130.00564 | AL15: 105.79106
A16: Con7 | B16: AVG | C16: 1454.0611 | D16: 1156.7831 | E16: 1073.7758 | F16: 173.27705 | G16: 63.229845 | H16: 102.9481 | I16: 1536.9646 | J16: 1305.8422 | K16: 1332.4906 | L16: 1142.4619 | M16: 516.61746 | N16: 613.22607 | O16: 1463.7352 | P16: 1221.3394 | Q16: 1177.5615 | R16: 446.80353 | S16: 170.37438 | T16: 196.73039 | U16: 802.67878 | V16: 1052.2693 | W16: 1068.5937 | X16: 153.06847 | Y16: 71.04754 | Z16: 102.47586 | AA16: 688.18599 | AB16: 1230.4379 | AC16: 1301.3396 | AD16: 1007.7193 | AE16: 364.22613 | AF16: 364.44774 | AG16: 777.41246 | AH16: 1128.1897 | AI16: 1157.9017 | AJ16: 426.13026 | AK16: 135.82564 | AL16: 122.1309
B17: SD | C17: 21.409463 | D17: 13.08995 | E17: 14.419089 | F17: 174.24884 | G17: 75.819118 | H17: 158.59578 | I17: 100.11516 | J17: 49.457364 | K17: 61.876009 | L17: 1780.142 | M17: 724.79407 | N17: 1005.5963 | O17: 38.909198 | P17: 16.153588 | Q17: 20.345139 | R17: 639.51102 | S17: 241.81087 | T17: 246.79492 | U17: 18.599338 | V17: 11.03507 | W17: 13.490866 | X17: 170.99086 | Y17: 90.598823 | Z17: 166.29287 | AA17: 106.60174 | AB17: 45.506747 | AC17: 38.479078 | AD17: 1561.1701 | AE17: 510.71848 | AF17: 535.51418 | AG17: 50.481661 | AH17: 16.946846 | AI17: 16.217529 | AJ17: 582.25834 | AK17: 183.69189 | AL17: 152.91182
A18: Con8 | B18: AVG | C18: 1454.7891 | D18: 1154.1729 | E18: 1078.2176 | F18: 163.62359 | G18: 63.220133 | H18: 86.450552 | I18: 1526.4646 | J18: 1299.4808 | K18: 1348.5222 | L18: 1042.2368 | M18: 476.86953 | N18: 526.71895 | O18: 1459.3425 | P18: 1217.0262 | Q18: 1186.0656 | R18: 417.49051 | S18: 157.57915 | T18: 175.45437 | U18: 802.9208 | V18: 1042.4871 | W18: 1064.7499 | X18: 129.20002 | Y18: 70.015214 | Z18: 88.691571 | AA18: 692.83657 | AB18: 1211.7663 | AC18: 1306.236 | AD18: 959.47393 | AE18: 328.53003 | AF18: 351.21104 | AG18: 780.39704 | AH18: 1115.5276 | AI18: 1156.5194 | AJ18: 392.44532 | AK18: 116.53505 | AL18: 114.03151
B19: SD | C19: 22.745782 | D19: 12.973622 | E19: 9.9490222 | F19: 174.01282 | G19: 70.22828 | H19: 139.55153 | I19: 94.526818 | J19: 41.471157 | K19: 54.479162 | L19: 1713.2432 | M19: 680.486 | N19: 917.45888 | O19: 36.745112 | P19: 13.627703 | Q19: 16.011609 | R19: 625.77834 | S19: 218.81885 | T19: 227.84173 | U19: 15.984902 | V19: 11.834539 | W19: 9.898175 | X19: 168.95954 | Y19: 73.343679 | Z19: 168.97727 | AA19: 99.602232 | AB19: 39.76785 | AC19: 34.802494 | AD19: 1568.0205 | AE19: 502.19873 | AF19: 542.35938 | AG19: 45.35225 | AH19: 13.712186 | AI19: 10.579996 | AJ19: 583.96998 | AK19: 169.1515 | AL19: 151.29208
A20: Con9 | B20: AVG | C20: 1459.2308 | D20: 1161.7132 | E20: 1070.1449 | F20: 147.67113 | G20: 52.943577 | H20: 72.896884 | I20: 1492.4894 | J20: 1323.4576 | K20: 1334.0909 | L20: 729.07421 | M20: 279.54232 | N20: 338.09453 | O20: 1448.9528 | P20: 1230.5299 | Q20: 1173.0111 | R20: 310.36333 | S20: 89.994221 | T20: 123.68221 | U20: 804.43276 | V20: 1048.6219 | W20: 1061.6876 | X20: 97.781026 | Y20: 55.556921 | Z20: 54.406378 | AA20: 691.44077 | AB20: 1227.5272 | AC20: 1296.8835 | AD20: 661.40367 | AE20: 277.14614 | AF20: 238.63893 | AG20: 781.88539 | AH20: 1127.3527 | AI20: 1150.4719 | AJ20: 288.53436 | AK20: 97.195762 | AL20: 83.575157
B21: SD | C21: 26.327522 | D21: 15.437718 | E21: 13.326176 | F21: 370.0101 | G21: 101.59847 | H21: 224.98145 | I21: 101.35137 | J21: 41.01236 | K21: 55.586096 | L21: 1058.4764 | M21: 415.80594 | N21: 581.23425 | O21: 40.872384 | P21: 11.898422 | Q21: 18.824623 | R21: 662.28185 | S21: 184.31538 | T21: 318.74289 | U21: 17.13804 | V21: 14.704725 | W21: 10.787733 | X21: 98.682405 | Y21: 54.702895 | Z21: 49.474646 | AA21: 96.874605 | AB21: 41.179514 | AC21: 29.537434 | AD21: 914.27256 | AE21: 347.98827 | AF21: 332.80765 | AG21: 46.30031 | AH21: 15.937611 | AI21: 12.286298 | AJ21: 384.17599 | AK21: 119.32656 | AL21: 88.777505
A22: Con10 | B22: AVG | C22: 1452.8212 | D22: 1155.7615 | E22: 1062.4189 | F22: 129.67747 | G22: 54.707815 | H22: 75.156697 | I22: 1522.5731 | J22: 1308.4967 | K22: 1322.6531 | L22: 803.11153 | M22: 356.65025 | N22: 489.22587 | O22: 1456.5166 | P22: 1221.9484 | Q22: 1166.7114 | R22: 320.64421 | S22: 119.01908 | T22: 150.43848 | U22: 807.10089 | V22: 1045.3717 | W22: 1065.917 | X22: 97.824579 | Y22: 54.718097 | Z22: 57.168809 | AA22: 691.41467 | AB22: 1223.2735 | AC22: 1297.8233 | AD22: 671.7412 | AE22: 276.89766 | AF22: 249.54077 | AG22: 784.29435 | AH22: 1124.1472 | AI22: 1153.1266 | AJ22: 293.82728 | AK22: 97.890686 | AL22: 84.188718
B23: SD | C23: 20.945632 | D23: 13.099663 | E23: 14.927974 | F23: 157.35382 | G23: 64.479613 | H23: 69.955338 | I23: 99.319619 | J23: 43.699194 | K23: 61.337006 | L23: 1153.6421 | M23: 526.59054 | N23: 760.9537 | O23: 38.34657 | P23: 12.168165 | Q23: 20.30834 | R23: 699.89966 | S23: 291.62083 | T23: 383.46948 | U23: 15.143552 | V23: 11.567623 | W23: 11.157473 | X23: 97.988354 | Y23: 51.10768 | Z23: 53.777569 | AA23: 95.048922 | AB23: 42.915111 | AC23: 34.704534 | AD23: 943.18607 | AE23: 358.33404 | AF23: 367.63137 | AG23: 44.272837 | AH23: 15.039937 | AI23: 12.992663 | AJ23: 395.41564 | AK23: 129.5952 | AL23: 121.112
A24: Ctl1 | B24: AVG | C24: 1467.7107 | D24: 1150.0625 | E24: 1076.492 | F24: 119.30358 | G24: 54.77439 | H24: 60.483369 | I24: 1494.6857 | J24: 1304.5614 | K24: 1351.9167 | L24: 705.56513 | M24: 284.76977 | N24: 345.67135 | O24: 1442.7659 | P24: 1216.7111 | Q24: 1181.9486 | R24: 243.23761 | S24: 73.848806 | T24: 89.177488 | U24: 819.55225 | V24: 1068.0203 | W24: 1062.077 | X24: 89.820877 | Y24: 51.30375 | Z24: 66.453111 | AA24: 729.54531 | AB24: 1258.3693 | AC24: 1295.0882 | AD24: 662.36886 | AE24: 229.01802 | AF24: 241.79978 | AG24: 812.05377 | AH24: 1152.8034 | AI24: 1148.0512 | AJ24: 286.40516 | AK24: 77.570945 | AL24: 89.239402
B25: SD | C25: 21.054276 | D25: 14.491485 | E25: 10.712067 | F25: 142.90283 | G25: 58.791745 | H25: 58.178273 | I25: 88.575411 | J25: 35.774342 | K25: 43.045874 | L25: 1047.3341 | M25: 429.30968 | N25: 603.58699 | O25: 46.554636 | P25: 13.766469 | Q25: 14.127906 | R25: 585.03603 | S25: 251.65429 | T25: 221.48809 | U25: 13.431368 | V25: 12.759506 | W25: 16.243877 | X25: 94.594861 | Y25: 49.399881 | Z25: 58.75523 | AA25: 93.348056 | AB25: 33.086913 | AC25: 32.686823 | AD25: 934.60669 | AE25: 276.91916 | AF25: 341.75872 | AG25: 41.872349 | AH25: 10.727731 | AI25: 17.208191 | AJ25: 457.50338 | AK25: 127.99501 | AL25: 135.64148
A26: Ctl2 | B26: AVG | C26: 1455.9064 | D26: 1141.5376 | E26: 1075.3566 | F26: 107.10076 | G26: 48.933891 | H26: 60.723965 | I26: 1498.0577 | J26: 1289.9102 | K26: 1350.4914 | L26: 783.32096 | M26: 281.33731 | N26: 375.82147 | O26: 1439.6458 | P26: 1205.631 | Q26: 1185.1782 | R26: 129.11057 | S26: 64.790127 | T26: 82.427106 | U26: 814.15356 | V26: 1048.5088 | W26: 1063.1055 | X26: 104.61027 | Y26: 54.988397 | Z26: 60.076722 | AA26: 716.6857 | AB26: 1225.1543 | AC26: 1299.0054 | AD26: 710.94819 | AE26: 283.22427 | AF26: 277.00485 | AG26: 812.19392 | AH26: 1131.3569 | AI26: 1152.7496 | AJ26: 261.38543 | AK26: 67.286884 | AL26: 67.027771
B27: SD | C27: 18.318998 | D27: 13.694031 | E27: 12.579981 | F27: 115.03324 | G27: 48.018499 | H27: 56.694498 | I27: 92.269651 | J27: 33.422826 | K27: 41.533074 | L27: 1072.7783 | M27: 382.60235 | N27: 593.56015 | O27: 41.181718 | P27: 13.07333 | Q27: 15.528158 | R27: 187.13577 | S27: 80.313588 | T27: 107.25353 | U27: 14.12021 | V27: 11.202096 | W27: 10.989494 | X27: 107.53578 | Y27: 53.392746 | Z27: 55.688468 | AA27: 104.65466 | AB27: 40.657384 | AC27: 39.038378 | AD27: 977.56179 | AE27: 336.66784 | AF27: 412.21013 | AG27: 40.783681 | AH27: 11.909226 | AI27: 11.545924 | AJ27: 378.82408 | AK27: 82.027475 | AL27: 79.077642
A28: Ctl3 | B28: AVG | C28: 1468.7097 | D28: 1154.487 | E28: 1077.5284 | F28: 110.50495 | G28: 46.228556 | H28: 57.85904 | I28: 1520.6727 | J28: 1318.8946 | K28: 1337.8717 | L28: 746.80248 | M28: 287.24279 | N28: 320.05392 | O28: 1470.823 | P28: 1225.8976 | Q28: 1171.8569 | R28: 171.63465 | S28: 74.359234 | T28: 80.160469 | U28: 817.06115 | V28: 1064.5688 | W28: 1057.0096 | X28: 94.017201 | Y28: 49.916843 | Z28: 57.317527 | AA28: 727.12151 | AB28: 1254.9302 | AC28: 1293.2836 | AD28: 686.45906 | AE28: 242.55326 | AF28: 241.96681 | AG28: 814.37667 | AH28: 1153.5096 | AI28: 1144.6882 | AJ28: 267.55679 | AK28: 62.175417 | AL28: 60.390218
B29: SD | C29: 18.711074 | D29: 9.1938669 | E29: 10.683404 | F29: 110.73782 | G29: 48.573451 | H29: 45.113591 | I29: 78.678373 | J29: 35.73936 | K29: 40.5063 | L29: 1036.1276 | M29: 422.42878 | N29: 512.82798 | O29: 46.843733 | P29: 14.111387 | Q29: 15.562177 | R29: 231.10953 | S29: 102.96323 | T29: 121.67029 | U29: 13.850622 | V29: 10.298985 | W29: 12.032606 | X29: 93.592319 | Y29: 47.380995 | Z29: 56.753762 | AA29: 94.596246 | AB29: 37.66271 | AC29: 33.120676 | AD29: 933.26672 | AE29: 298.79139 | AF29: 337.51005 | AG29: 39.031054 | AH29: 10.139514 | AI29: 13.13104 | AJ29: 363.13383 | AK29: 78.160676 | AL29: 62.053011
A30: Ctl4 | B30: AVG | C30: 1457.1655 | D30: 1158.4157 | E30: 1078.6712 | F30: 108.36166 | G30: 42.598889 | H30: 57.961981 | I30: 1488.7382 | J30: 1312.2967 | K30: 1343.0219 | L30: 783.24357 | M30: 283.30581 | N30: 364.64128 | O30: 1467.3116 | P30: 1220.0043 | Q30: 1171.4177 | R30: 138.41208 | S30: 85.237183 | T30: 117.10284 | U30: 819.94075 | V30: 1056.7067 | W30: 1060.1625 | X30: 102.2675 | Y30: 48.583236 | Z30: 56.397489 | AA30: 724.27555 | AB30: 1239.2697 | AC30: 1297.8878 | AD30: 720.6117 | AE30: 295.82532 | AF30: 271.69136 | AG30: 808.71 | AH30: 1141.9927 | AI30: 1148.2271 | AJ30: 310.77868 | AK30: 92.433243 | AL30: 80.080274
B31: SD | C31: 20.43073 | D31: 11.248326 | E31: 12.961122 | F31: 114.45211 | G31: 43.0533 | H31: 51.173639 | I31: 95.053804 | J31: 36.246672 | K31: 46.606939 | L31: 1088.6305 | M31: 413.13118 | N31: 626.96771 | O31: 55.958623 | P31: 18.075395 | Q31: 16.179203 | R31: 121.63617 | S31: 100.88439 | T31: 153.21898 | U31: 15.071715 | V31: 10.754303 | W31: 13.621408 | X31: 95.312045 | Y31: 48.913201 | Z31: 57.553338 | AA31: 104.19956 | AB31: 44.330248 | AC31: 33.604284 | AD31: 946.26253 | AE31: 365.07505 | AF31: 369.73722 | AG31: 48.142679 | AH31: 15.011917 | AI31: 15.87243 | AJ31: 401.20005 | AK31: 117.39108 | AL31: 82.538917
A32: Ctl5 | B32: AVG | C32: 1447.9082 | D32: 1168.9321 | E32: 1082.1118 | F32: 90.016656 | G32: 39.013406 | H32: 53.177815 | I32: 1499.5013 | J32: 1318.7312 | K32: 1347.9564 | L32: 744.11601 | M32: 289.83506 | N32: 359.80607 | O32: 1461.0979 | P32: 1222.0206 | Q32: 1177.3447 | R32: 128.53668 | S32: 81.743955 | T32: 104.35502 | U32: 817.8728 | V32: 1060.8901 | W32: 1068.7841 | X32: 102.67861 | Y32: 60.408988 | Z32: 55.583177 | AA32: 745.51565 | AB32: 1249.0017 | AC32: 1313.6754 | AD32: 726.54791 | AE32: 302.54516 | AF32: 237.56332 | AG32: 815.98744 | AH32: 1147.2005 | AI32: 1157.7689 | AJ32: 294.74495 | AK32: 85.636216 | AL32: 68.283854
B33: SD | C33: 15.368953 | D33: 10.430347 | E33: 11.34837 | F33: 99.336305 | G33: 38.681924 | H33: 46.19919 | I33: 86.008597 | J33: 34.733031 | K33: 45.78964 | L33: 1060.2906 | M33: 432.23164 | N33: 633.54953 | O33: 59.640601 | P33: 12.044024 | Q33: 18.447014 | R33: 121.24284 | S33: 107.25046 | T33: 152.38224 | U33: 13.847218 | V33: 11.246963 | W33: 11.00072 | X33: 99.839851 | Y33: 55.190218 | Z33: 51.700034 | AA33: 96.89073 | AB33: 38.456791 | AC33: 23.550726 | AD33: 958.52442 | AE33: 370.71315 | AF33: 310.71516 | AG33: 42.352093 | AH33: 12.849594 | AI33: 11.078682 | AJ33: 375.81282 | AK33: 100.78271 | AL33: 59.160384
A34: Ctl6 | B34: AVG | C34: 1451.1345 | D34: 1168.3132 | E34: 1086.4766 | F34: 99.162989 | G34: 38.946283 | H34: 54.160083 | I34: 1495.6578 | J34: 1318.3269 | K34: 1344.7726 | L34: 752.77903 | M34: 296.24632 | N34: 416.00159 | O34: 1506.8108 | P34: 1220.2066 | Q34: 1170.0522 | R34: 184.60801 | S34: 129.69565 | T34: 215.97456 | U34: 812.58004 | V34: 1041.2151 | W34: 1072.5403 | X34: 102.2158 | Y34: 55.295125 | Z34: 58.782346 | AA34: 727.84951 | AB34: 1217.0807 | AC34: 1315.4458 | AD34: 741.86818 | AE34: 324.43727 | AF34: 276.16312 | AG34: 810.23426 | AH34: 1124.8527 | AI34: 1161.246 | AJ34: 283.47401 | AK34: 83.567953 | AL34: 66.49476
B35: SD | C35: 16.942857 | D35: 11.453959 | E35: 11.006955 | F35: 100.00345 | G35: 39.121231 | H35: 46.660045 | I35: 101.84942 | J35: 38.199922 | K35: 55.527746 | L35: 1104.2245 | M35: 437.82017 | N35: 702.36537 | O35: 40.729116 | P35: 20.07305 | Q35: 24.318083 | R35: 129.55119 | S35: 121.41715 | T35: 246.64176 | U35: 14.374278 | V35: 13.405693 | W35: 11.567532 | X35: 98.213444 | Y35: 51.337491 | Z35: 55.076602 | AA35: 104.24687 | AB35: 42.867915 | AC35: 30.275219 | AD35: 978.64092 | AE35: 401.68705 | AF35: 380.63605 | AG35: 44.661376 | AH35: 13.955964 | AI35: 12.783278 | AJ35: 394.18228 | AK35: 110.93037 | AL35: 69.346089
A36: Ctl7 | B36: AVG | C36: 1444.8796 | D36: 1179.0446 | E36: 1084.8678 | F36: 105.15922 | G36: 41.429347 | H36: 54.794764 | I36: 1480.1998 | J36: 1332.3113 | K36: 1347.8817 | L36: 787.7413 | M36: 298.73129 | N36: 407.01758 | O36: 1485.4056 | P36: 1233.8681 | Q36: 1173.1667 | R36: 205.646 | S36: 131.74158 | T36: 191.08538 | U36: 810.48186 | V36: 1052.5205 | W36: 1082.4456 | X36: 99.079201 | Y36: 53.548469 | Z36: 53.715112 | AA36: 733.70714 | AB36: 1227.7645 | AC36: 1329.7064 | AD36: 692.31802 | AE36: 315.39566 | AF36: 249.96051 | AG36: 805.00481 | AH36: 1133.6631 | AI36: 1171.9753 | AJ36: 302.18245 | AK36: 104.25813 | AL36: 80.766953
B37: SD | C37: 15.976284 | D37: 9.3993031 | E37: 11.994027 | F37: 111.38667 | G37: 40.280442 | H37: 49.914807 | I37: 92.832192 | J37: 36.684015 | K37: 53.872514 | L37: 1129.9828 | M37: 455.19658 | N37: 716.69267 | O37: 47.853522 | P37: 16.101765 | Q37: 20.210551 | R37: 172.7904 | S37: 129.98076 | T37: 202.25206 | U37: 14.27193 | V37: 9.0595514 | W37: 10.631771 | X37: 96.052903 | Y37: 52.446489 | Z37: 53.511616 | AA37: 104.41825 | AB37: 44.416204 | AC37: 31.726787 | AD37: 915.58443 | AE37: 391.8958 | AF37: 360.47401 | AG37: 45.792312 | AH37: 14.87319 | AI37: 10.921269 | AJ37: 383.13989 | AK37: 131.73938 | AL37: 85.846837
A38: Ctl8 | B38: AVG | C38: 1447.6396 | D38: 1180.2669 | E38: 1083.9979 | F38: 112.22632 | G38: 40.695968 | H38: 54.579885 | I38: 1483.0444 | J38: 1330.8124 | K38: 1344.0847 | L38: 841.58284 | M38: 351.73055 | N38: 458.06347 | O38: 1478.2888 | P38: 1235.2182 | Q38: 1171.7431 | R38: 270.29351 | S38: 180.16526 | T38: 205.51635 | U38: 805.57905 | V38: 1034.3726 | W38: 1074.1084 | X38: 107.31102 | Y38: 65.526232 | Z38: 61.66523 | AA38: 719.27242 | AB38: 1204.5336 | AC38: 1321.2034 | AD38: 722.90535 | AE38: 382.34446 | AF38: 280.50534 | AG38: 793.26237 | AH38: 1113.1039 | AI38: 1164.4011 | AJ38: 321.13189 | AK38: 134.13131 | AL38: 95.971708
B39: SD | C39: 19.077059 | D39: 12.180945 | E39: 8.5254245 | F39: 123.96719 | G39: 40.523206 | H39: 46.891821 | I39: 98.777207 | J39: 38.881081 | K39: 53.340644 | L39: 1209.1952 | M39: 532.91676 | N39: 787.57266 | O39: 52.012403 | P39: 17.174067 | Q39: 18.805483 | R39: 270.17011 | S39: 171.16743 | T39: 192.19419 | U39: 15.6247 | V39: 11.029082 | W39: 12.720056 | X39: 106.4901 | Y39: 63.407539 | Z39: 55.47372 | AA39: 103.86954 | AB39: 52.055123 | AC39: 31.54401 | AD39: 979.92525 | AE39: 504.07683 | AF39: 384.33596 | AG39: 47.967461 | AH39: 16.98261 | AI39: 13.681812 | AJ39: 420.25599 | AK39: 172.30814 | AL39: 93.805294
A40: Ctl9 | B40: AVG | C40: 1454.5092 | D40: 1181.8163 | E40: 1085.2964 | F40: 112.48905 | G40: 43.633617 | H40: 64.965383 | I40: 1505.4806 | J40: 1330.5444 | K40: 1348.3102 | L40: 798.4406 | M40: 327.23791 | N40: 423.51372 | O40: 1489.9259 | P40: 1236.372 | Q40: 1176.4853 | R40: 215.99052 | S40: 124.73211 | T40: 191.1267 | U40: 811.45341 | V40: 1045.2513 | W40: 1074.8602 | X40: 105.45909 | Y40: 60.742901 | Z40: 66.254018 | AA40: 742.92116 | AB40: 1232.2961 | AC40: 1319.9393 | AD40: 672.30369 | AE40: 304.93648 | AF40: 235.4287 | AG40: 807.78427 | AH40: 1129.9847 | AI40: 1162.3362 | AJ40: 294.249 | AK40: 99.899701 | AL40: 89.85152
B41: SD | C41: 19.923074 | D41: 11.471928 | E41: 13.462639 | F41: 119.78194 | G41: 42.644169 | H41: 53.268487 | I41: 91.525768 | J41: 39.342637 | K41: 50.221603 | L41: 1149.7238 | M41: 477.80948 | N41: 674.77745 | O41: 47.460435 | P41: 19.906782 | Q41: 18.36984 | R41: 160.65551 | S41: 123.98372 | T41: 207.1548 | U41: 15.967979 | V41: 11.700332 | W41: 13.125604 | X41: 101.08333 | Y41: 59.842844 | Z41: 59.533659 | AA41: 97.232735 | AB41: 43.23314 | AC41: 26.575718 | AD41: 907.82041 | AE41: 392.88088 | AF41: 307.36083 | AG41: 45.882465 | AH41: 14.070295 | AI41: 14.846011 | AJ41: 376.7871 | AK41: 128.71048 | AL41: 79.793098
A42: Ctl10 | B42: AVG | C42: 1460.3487 | D42: 1161.5069 | E42: 1092.7112 | F42: 107.2984 | G42: 47.559782 | H42: 63.309828 | I42: 1518.4818 | J42: 1297.1192 | K42: 1360.0461 | L42: 810.15176 | M42: 366.79724 | N42: 476.35404 | O42: 1505.9573 | P42: 1205.6607 | Q42: 1184.4587 | R42: 259.04757 | S42: 180.0456 | T42: 240.68567 | U42: 808.54225 | V42: 1055.7048 | W42: 1082.9066 | X42: 101.9307 | Y42: 54.728842 | Z42: 60.336324 | AA42: 709.36255 | AB42: 1231.6527 | AC42: 1319.5827 | AD42: 698.50502 | AE42: 289.21962 | AF42: 288.25678 | AG42: 790.97074 | AH42: 1133.217 | AI42: 1170.1625 | AJ42: 306.07737 | AK42: 100.69773 | AL42: 95.025432
B43: SD | C43: 18.25903 | D43: 12.656388 | E43: 12.000031 | F43: 125.20524 | G43: 50.379009 | H43: 48.726505 | I43: 90.049939 | J43: 43.418865 | K43: 57.565754 | L43: 1150.4617 | M43: 522.34359 | N43: 797.77338 | O43: 52.252834 | P43: 20.852989 | Q43: 21.28929 | R43: 228.66709 | S43: 182.18995 | T43: 255.74786 | U43: 14.665323 | V43: 13.10239 | W43: 14.010416 | X43: 102.76706 | Y43: 50.023404 | Z43: 53.237633 | AA43: 102.26307 | AB43: 43.15135 | AC43: 39.247169 | AD43: 964.84982 | AE43: 352.71437 | AF43: 396.38657 | AG43: 46.635858 | AH43: 14.89897 | AI43: 15.332717 | AJ43: 400.82246 | AK43: 123.52165 | AL43: 99.163322
A44: ISO01 | B44: AVG | C44: 1408.9863 | D44: 1115.8183 | E44: 1078.3544 | F44: 98.513216 | G44: 55.622424 | H44: 60.981021 | I44: 1480.7325 | J44: 1269 | K44: 1337.0324 | L44: 776.6726 | M44: 397.28267 | N44: 384.3815 | O44: 1414.6685 | P44: 1181.5222 | Q44: 1174.2554 | R44: 249.11124 | S44: 94.847583 | T44: 102.90808 | U44: 760.04149 | V44: 1082.9435 | W44: 1072.4472 | X44: 89.983803 | Y44: 42.795298 | Z44: 49.198961 | AA44: 706.51303 | AB44: 1278.9164 | AC44: 1315.4301 | AD44: 679.83701 | AE44: 195.25503 | AF44: 236.18134 | AG44: 767.85494 | AH44: 1169.8908 | AI44: 1160.1986 | AJ44: 204.27329 | AK44: 42.090868 | AL44: 55.470079
B45: SD | C45: 17.204216 | D45: 13.360637 | E45: 17.392607 | F45: 106.94734 | G45: 55.758859 | H45: 59.052978 | I45: 84.878167 | J45: 50.339837 | K45: 45.940087 | L45: 1102.9711 | M45: 559.25089 | N45: 627.55905 | O45: 34.537957 | P45: 16.186166 | Q45: 21.248171 | R45: 356.88441 | S45: 128.75083 | T45: 131.79119 | U45: 12.770483 | V45: 9.3842801 | W45: 11.740155 | X45: 88.556131 | Y45: 39.513741 | Z45: 51.970964 | AA45: 101.74983 | AB45: 27.767045 | AC45: 29.998178 | AD45: 927.97891 | AE45: 234.61291 | AF45: 332.60964 | AG45: 43.213407 | AH45: 8.1641848 | AI45: 14.766908 | AJ45: 307.45189 | AK45: 58.295081 | AL45: 64.106118
A46: ISO02 | B46: AVG | C46: 1394.5401 | D46: 1116.6904 | E46: 1082.1221 | F46: 89.315723 | G46: 41.963894 | H46: 49.193473 | I46: 1453.2398 | J46: 1262.5485 | K46: 1348.1382 | L46: 804.49696 | M46: 358.60121 | N46: 380.52215 | O46: 1394.5633 | P46: 1178.0182 | Q46: 1181.4069 | R46: 251.41398 | S46: 79.77174 | T46: 86.008318 | U46: 763.18192 | V46: 1064.1198 | W46: 1073.5266 | X46: 78.926756 | Y46: 39.74233 | Z46: 54.339535 | AA46: 714.74548 | AB46: 1251.5185 | AC46: 1332.0529 | AD46: 608.26722 | AE46: 169.4114 | AF46: 176.99296 | AG46: 772.87877 | AH46: 1149.6088 | AI46: 1166.8323 | AJ46: 187.07124 | AK46: 36.548468 | AL46: 44.868016
B47: SD | C47: 14.87897 | D47: 9.5896747 | E47: 11.670966 | F47: 90.135735 | G47: 48.118661 | H47: 42.508299 | I47: 91.208235 | J47: 42.663613 | K47: 43.392541 | L47: 1095.6478 | M47: 528.42565 | N47: 632.11699 | O47: 35.59309 | P47: 13.211061 | Q47: 15.450936 | R47: 343.08418 | S47: 112.18295 | T47: 109.10674 | U47: 10.699803 | V47: 8.9434136 | W47: 12.39157 | X47: 82.945331 | Y47: 36.47511 | Z47: 48.91614 | AA47: 83.345495 | AB47: 23.011854 | AC47: 21.442489 | AD47: 860.45693 | AE47: 221.83085 | AF47: 275.36658 | AG47: 35.165537 | AH47: 8.864533 | AI47: 11.087554 | AJ47: 289.7699 | AK47: 47.203191 | AL47: 42.374267
A48: ISO03 | B48: AVG | C48: 1397.7187 | D48: 1142.5202 | E48: 1082.8476 | F48: 103.67393 | G48: 52.977042 | H48: 66.626578 | I48: 1474.7674 | J48: 1272.1185 | K48: 1348.533 | L48: 808.80458 | M48: 406.26639 | N48: 497.58415 | O48: 1404.9893 | P48: 1199.3318 | Q48: 1183.926 | R48: 327.05111 | S48: 138.20762 | T48: 152.90131 | U48: 762.50857 | V48: 1066.8386 | W48: 1087.4155 | X48: 92.647983 | Y48: 44.961669 | Z48: 52.513745 | AA48: 678.21328 | AB48: 1238.9678 | AC48: 1339.919 | AD48: 716.9899 | AE48: 296.94946 | AF48: 260.12281 | AG48: 755.28322 | AH48: 1147.3101 | AI48: 1181.0924 | AJ48: 308.26168 | AK48: 94.745425 | AL48: 78.184414
B49: SD | C49: 18.124727 | D49: 12.321993 | E49: 15.031829 | F49: 108.64023 | G49: 53.489306 | H49: 57.3182 | I49: 90.729044 | J49: 47.947337 | K49: 62.896996 | L49: 1130.6834 | M49: 568.01199 | N49: 811.59291 | O49: 37.009822 | P49: 16.080151 | Q49: 22.74035 | R49: 457.1704 | S49: 195.64719 | T49: 201.57766 | U49: 13.062913 | V49: 9.2296468 | W49: 11.094674 | X49: 98.596232 | Y49: 38.321364 | Z49: 46.946288 | AA49: 94.98886 | AB49: 41.502433 | AC49: 30.571807 | AD49: 985.12355 | AE49: 373.14102 | AF49: 369.40101 | AG49: 43.675501 | AH49: 14.334037 | AI49: 10.926783 | AJ49: 405.85708 | AK49: 120.04475 | AL49: 83.200034
A50: ISO04 | B50: AVG | C50: 1390.0388 | D50: 1139.7215 | E50: 1085.1987 | F50: 103.91805 | G50: 43.378995 | H50: 54.064311 | I50: 1457.8217 | J50: 1279.6242 | K50: 1347.4707 | L50: 801.10994 | M50: 344.63864 | N50: 440.74862 | O50: 1391.9054 | P50: 1198.3322 | Q50: 1184.9929 | R50: 240.03965 | S50: 73.065844 | T50: 88.952837 | U50: 746.1442 | V50: 1058.6385 | W50: 1089.6768 | X50: 96.448501 | Y50: 47.678034 | Z50: 43.467144 | AA50: 671.44165 | AB50: 1231.2067 | AC50: 1344.4289 | AD50: 723.7256 | AE50: 261.90963 | AF50: 262.72546 | AG50: 748.63883 | AH50: 1140.5504 | AI50: 1183.962 | AJ50: 203.88019 | AK50: 47.315909 | AL50: 48.678074
B51: SD | C51: 17.478106 | D51: 10.176145 | E51: 13.128696 | F51: 110.28639 | G51: 42.529761 | H51: 42.348108 | I51: 93.063728 | J51: 45.3267 | K51: 59.841331 | L51: 1139.5449 | M51: 500.38678 | N51: 714.60643 | O51: 38.244596 | P51: 13.101287 | Q51: 21.874318 | R51: 338.38444 | S51: 100.21016 | T51: 103.13091 | U51: 12.906528 | V51: 12.25967 | W51: 9.8041921 | X51: 97.793022 | Y51: 43.679623 | Z51: 40.986766 | AA51: 96.572791 | AB51: 34.401502 | AC51: 30.173382 | AD51: 986.94301 | AE51: 330.10468 | AF51: 383.34035 | AG51: 40.392151 | AH51: 12.581864 | AI51: 11.545872 | AJ51: 301.14563 | AK51: 60.96227 | AL51: 45.688966
A52: ISO05 | B52: AVG | C52: 1398.662 | D52: 1144.1012 | E52: 1073.3732 | F52: 110.77367 | G52: 45.860855 | H52: 58.067868 | I52: 1476.7419 | J52: 1293.0201 | K52: 1323.48 | L52: 834.87292 | M52: 435.42535 | N52: 519.10873 | O52: 1405.171 | P52: 1206.5929 | Q52: 1169.0248 | R52: 235.41991 | S52: 91.112063 | T52: 96.332721 | U52: 756.13834 | V52: 1067.6624 | W52: 1075.7414 | X52: 100.13612 | Y52: 51.019206 | Z52: 57.439766 | AA52: 672.56321 | AB52: 1251.7983 | AC52: 1319.6373 | AD52: 734.72741 | AE52: 268.63651 | AF52: 303.01527 | AG52: 755.80486 | AH52: 1154.2833 | AI52: 1166.4957 | AJ52: 226.55395 | AK52: 52.673009 | AL52: 58.554736
B53: SD | C53: 18.010594 | D53: 10.155342 | E53: 13.243187 | F53: 117.89802 | G53: 44.769131 | H53: 51.933827 | I53: 97.782677 | J53: 53.508843 | K53: 61.644893 | L53: 1181.0877 | M53: 650.23082 | N53: 850.47546 | O53: 41.543499 | P53: 15.928894 | Q53: 21.458974 | R53: 306.49598 | S53: 132.49399 | T53: 136.7251 | U53: 14.251246 | V53: 9.5924754 | W53: 13.34823 | X53: 93.87577 | Y53: 48.144348 | Z53: 50.568807 | AA53: 98.378061 | AB53: 35.302176 | AC53: 34.654871 | AD53: 1005.7446 | AE53: 343.2513 | AF53: 432.66347 | AG53: 40.55711 | AH53: 10.174367 | AI53: 13.858798 | AJ53: 322.59449 | AK53: 67.665717 | AL53: 64.803096
A54: ISO06 | B54: AVG | C54: 1395.713 | D54: 1147.5052 | E54: 1080.7584 | F54: 104.04127 | G54: 46.008141 | H54: 59.31683 | I54: 1467.2945 | J54: 1283.9624 | K54: 1342.2164 | L54: 829.75365 | M54: 396.62397 | N54: 478.1742 | O54: 1399.3825 | P54: 1205.5285 | Q54: 1180.4149 | R54: 247.58128 | S54: 88.49309 | T54: 84.737184 | U54: 757.30447 | V54: 1069.1764 | W54: 1081.8869 | X54: 98.004938 | Y54: 49.618664 | Z54: 54.932363 | AA54: 680.40437 | AB54: 1245.0303 | AC54: 1336.0564 | AD54: 718.11844 | AE54: 285.77457 | AF54: 280.6328 | AG54: 758.74791 | AH54: 1152.6749 | AI54: 1176.0246 | AJ54: 218.25929 | AK54: 57.323201 | AL54: 50.516561
B55: SD | C55: 14.092123 | D55: 10.902798 | E55: 13.657459 | F55: 108.86316 | G55: 47.599785 | H55: 51.222915 | I55: 95.59012 | J55: 48.724751 | K55: 58.549422 | L55: 1140.6891 | M55: 581.10178 | N55: 796.83431 | O55: 38.27852 | P55: 14.21884 | Q55: 20.440162 | R55: 335.32017 | S55: 124.67429 | T55: 101.24929 | U55: 13.217603 | V55: 11.466338 | W55: 12.179307 | X55: 100.17025 | Y55: 45.702569 | Z55: 48.026189 | AA55: 91.250618 | AB55: 36.040673 | AC55: 29.739244 | AD55: 1029.7489 | AE55: 368.72326 | AF55: 417.57414 | AG55: 36.590009 | AH55: 11.074064 | AI55: 13.091034 | AJ55: 325.56067 | AK55: 75.288405 | AL55: 47.308441
A56: ISO07 | B56: AVG | C56: 1394.3113 | D56: 1143.498 | E56: 1076.5588 | F56: 94.755306 | G56: 42.350912 | H56: 60.273007 | I56: 1465.3512 | J56: 1282.8528 | K56: 1341.1748 | L56: 762.49892 | M56: 361.66831 | N56: 425.08377 | O56: 1398.2214 | P56: 1202.3134 | Q56: 1177.6139 | R56: 237.42398 | S56: 81.731942 | T56: 92.479222 | U56: 759.23801 | V56: 1062.6601 | W56: 1085.0802 | X56: 92.406304 | Y56: 42.592844 | Z56: 54.844768 | AA56: 683.47596 | AB56: 1238.0629 | AC56: 1338.8207 | AD56: 719.3185 | AE56: 257.38037 | AF56: 240.68456 | AG56: 758.17435 | AH56: 1145.8019 | AI56: 1178.1923 | AJ56: 242.74713 | AK56: 60.113279 | AL56: 55.738397
B57: SD | C57: 13.828062 | D57: 8.866746 | E57: 11.551571 | F57: 106.61749 | G57: 44.199594 | H57: 50.085932 | I57: 90.871429 | J57: 46.384058 | K57: 55.999349 | L57: 1106.6421 | M57: 545.50873 | N57: 746.91696 | O57: 37.202807 | P57: 14.320769 | Q57: 19.558291 | R57: 335.49688 | S57: 117.95498 | T57: 123.16414 | U57: 13.244199 | V57: 7.50613 | W57: 10.951858 | X57: 90.298726 | Y57: 40.373815 | Z57: 46.994129 | AA57: 97.061798 | AB57: 34.191903 | AC57: 27.891888 | AD57: 956.85294 | AE57: 329.80581 | AF57: 334.46295 | AG57: 40.998987 | AH57: 9.9676004 | AI57: 11.869093 | AJ57: 353.86474 | AK57: 81.484369 | AL57: 54.407618
A58: ISO08 | B58: AVG | C58: 1397.5697 | D58: 1137.079 | E58: 1081.1681 | F58: 101.69081 | G58: 47.616891 | H58: 63.105852 | I58: 1465.9815 | J58: 1274.8364 | K58: 1350.2854 | L58: 801.66104 | M58: 377.91326 | N58: 415.74576 | O58: 1399.9767 | P58: 1195.4907 | Q58: 1183.8192 | R58: 237.22927 | S58: 88.335815 | T58: 86.991027 | U58: 757.96408 | V58: 1056.2449 | W58: 1084.0439 | X58: 88.222964 | Y58: 49.876868 | Z58: 52.894789 | AA58: 679.18301 | AB58: 1237.953 | AC58: 1330.2996 | AD58: 692.07616 | AE58: 266.44406 | AF58: 254.73562 | AG58: 758.07176 | AH58: 1141.8458 | AI58: 1174.4833 | AJ58: 209.99134 | AK58: 57.821768 | AL58: 49.114277
B59: SD | C59: 13.714576 | D59: 11.032987 | E59: 18.431636 | F59: 108.73155 | G59: 49.723246 | H59: 55.279189 | I59: 85.976932 | J59: 42.771257 | K59: 52.101753 | L59: 1127.5389 | M59: 547.67051 | N59: 691.22317 | O59: 33.239821 | P59: 13.138945 | Q59: 24.569548 | R59: 327.71998 | S59: 114.41938 | T59: 93.21387 | U59: 11.811116 | V59: 9.3300868 | W59: 12.873388 | X59: 92.212069 | Y59: 46.721239 | Z59: 51.070291 | AA59: 92.479282 | AB59: 38.133309 | AC59: 33.484478 | AD59: 979.96044 | AE59: 343.09427 | AF59: 371.51215 | AG59: 38.272833 | AH59: 12.638457 | AI59: 14.124448 | AJ59: 314.60672 | AK59: 73.324986 | AL59: 50.215778
A60: ISO09 | B60: AVG | C60: 1401.5814 | D60: 1136.6255 | E60: 1074.3953 | F60: 95.750084 | G60: 44.860112 | H60: 56.675501 | I60: 1482.3082 | J60: 1275.4778 | K60: 1333.6149 | L60: 811.37117 | M60: 432.19429 | N60: 485.58293 | O60: 1408.9195 | P60: 1196.4615 | Q60: 1174.0901 | R60: 247.15825 | S60: 94.904773 | T60: 99.244706 | U60: 765.24839 | V60: 1058.2517 | W60: 1082.2158 | X60: 93.875469 | Y60: 46.424802 | Z60: 52.847076 | AA60: 680.64301 | AB60: 1234.8126 | AC60: 1329.733 | AD60: 718.04558 | AE60: 287.54144 | AF60: 268.74481 | AG60: 766.70323 | AH60: 1142.5435 | AI60: 1173.9609 | AJ60: 197.43069 | AK60: 50.76769 | AL60: 46.162677
B61: SD | C61: 14.435271 | D61: 11.323775 | E61: 14.695068 | F61: 99.930206 | G61: 47.922757 | H61: 49.627248 | I61: 93.092206 | J61: 53.02146 | K61: 59.372066 | L61: 1157.5693 | M61: 623.17785 | N61: 793.6558 | O61: 39.087596 | P61: 17.009369 | Q61: 22.791363 | R61: 342.17313 | S61: 140.51294 | T61: 131.72199 | U61: 11.949266 | V61: 12.553125 | W61: 12.074483 | X61: 94.863452 | Y61: 43.324556 | Z61: 46.867334 | AA61: 95.816232 | AB61: 37.545925 | AC61: 29.1643 | AD61: 1019.1987 | AE61: 376.87196 | AF61: 392.01066 | AG61: 37.455459 | AH61: 11.844944 | AI61: 11.901634 | AJ61: 326.64908 | AK61: 74.160057 | AL61: 52.167582
A62: ISO10 | B62: AVG | C62: 1404.3313 | D62: 1141.4567 | E62: 1078.2866 | F62: 113.85207 | G62: 53.248344 | H62: 64.149899 | I62: 1485.8546 | J62: 1272.8522 | K62: 1343.2532 | L62: 822.60574 | M62: 415.66397 | N62: 460.19033 | O62: 1413.5604 | P62: 1198.6461 | Q62: 1178.985 | R62: 330.67475 | S62: 143.84545 | T62: 149.78351 | U62: 758.31166 | V62: 1063.7093 | W62: 1074.8784 | X62: 92.075048 | Y62: 49.895282 | Z62: 55.509751 | AA62: 685.28886 | AB62: 1242.5876 | AC62: 1328.2004 | AD62: 698.72654 | AE62: 268.29081 | AF62: 244.9867 | AG62: 757.03427 | AH62: 1147.8226 | AI62: 1167.1435 | AJ62: 295.33086 | AK62: 92.772099 | AL62: 82.198444
B63: SD | C63: 16.851309 | D63: 10.818955 | E63: 12.164994 | F63: 111.58479 | G63: 52.316825 | H63: 52.220511 | I63: 89.696455 | J63: 48.754168 | K63: 55.310175 | L63: 1138.0484 | M63: 590.19732 | N63: 736.30697 | O63: 37.179075 | P63: 15.355199 | Q63: 20.631225 | R63: 614.33007 | S63: 350.89183 | T63: 388.72778 | U63: 11.335295 | V63: 9.3322977 | W63: 11.041733 | X63: 99.579736 | Y63: 48.038219 | Z63: 46.670491 | AA63: 88.848717 | AB63: 32.093374 | AC63: 25.095855 | AD63: 1002.488 | AE63: 365.21469 | AF63: 355.13225 | AG63: 38.165194 | AH63: 10.320775 | AI63: 10.308718 | AJ63: 753.67619 | AK63: 256.51907 | AL63: 186.37315

Sheet P3
B1: Marker | C1: LeftMallet1 | I1: LeftMallet2 | O1: LeftMallet3 | U1: RightMallet1 | AA1: RightMallet2 | AG1: RightMallet3
B2: Axis | C2: X | D2: Y | E2: Z | F2: X' | G2: Y' | H2: Z' | I2: X | J2: Y | K2: Z | L2: X' | M2: Y' | N2: Z' | O2: X | P2: Y | Q2: Z | R2: X' | S2: Y' | T2: Z' | U2: X | V2: Y | W2: Z | X2: X' | Y2: Y' | Z2: Z' | AA2: X | AB2: Y | AC2: Z | AD2: X' | AE2: Y' | AF2: Z' | AG2: X | AH2: Y | AI2: Z | AJ2: X' | AK2: Y' | AL2: Z'
A3: Trial | B3: Stats
A4: Con01 | B4: AVG | C4: 1314.8357 | D4: 839.06094 | E4: 1169.6269 | F4: 99.760442 | G4: 45.233501 | H4: 72.210327 | I4: 1351.0764 | J4: 1111.2491 | K4: 1334.6568 | L4: 300.74058 | M4: 63.611624 | N4: 109.85316 | O4: 1310.8309 | P4: 933.89287 | Q4: 1232.3029 | R4: 182.93839 | S4: 37.120809 | T4: 72.560854 | U4: 675.36296 | V4: 810.52032 | W4: 1186.4284 | X4: 67.897013 | Y4: 41.512276 | Z4: 58.355443 | AA4: 606.66348 | AB4: 1107.1832 | AC4: 1314.4698 | AD4: 375.36161 | AE4: 96.174212 | AF4: 124.489 | AG4: 674.9799 | AH4: 923.90826 | AI4: 1245.3933 | AJ4: 176.90718 | AK4: 42.178795 | AL4: 71.400655
B5: SD | C5: 14.422703 | D5: 9.0702192 | E5: 12.162669 | F5: 100.21956 | G5: 38.299675 | H5: 45.986555 | I5: 55.137449 | J5: 14.404429 | K5: 17.728396 | L5: 342.68858 | M5: 61.438782 | N5: 86.3193 | O5: 28.583766 | P5: 9.3919161 | Q5: 12.586016 | R5: 202.89206 | S5: 33.369855 | T5: 52.338388 | U5: 12.692461 | V5: 8.0452848 | W5: 13.964564 | X5: 67.324642 | Y5: 30.534846 | Z5: 45.468128 | AA5: 63.2944 | AB5: 14.743443 | AC5: 24.709403 | AD5: 429.3302 | AE5: 87.724691 | AF5: 97.323249 | AG5: 31.329459 | AH5: 7.3975152 | AI5: 16.573646 | AJ5: 196.91591 | AK5: 33.015704 | AL5: 57.372295
A6: Con02 | B6: AVG | C6: 1334.3645 | D6: 844.01431 | E6: 1179.8067 | F6: 102.01023 | G6: 41.535019 | H6: 65.213601 | I6: 1351.9614 | J6: 1120.1401 | K6: 1333.7445 | L6: 271.56107 | M6: 50.535137 | N6: 100.01778 | O6: 1319.4976 | P6: 934.78966 | Q6: 1243.487 | R6: 178.15636 | S6: 29.239466 | T6: 64.312521 | U6: 697.83444 | V6: 786.02206 | W6: 1185.656 | X6: 74.664317 | Y6: 52.805572 | Z6: 73.38058 | AA6: 597.45258 | AB6: 1071.0311 | AC6: 1285.6044 | AD6: 432.13088 | AE6: 138.16862 | AF6: 176.19128 | AG6: 689.67812 | AH6: 893.30959 | AI6: 1237.2823 | AJ6: 206.59226 | AK6: 56.654162 | AL6: 99.893857
B7: SD | C7: 14.530073 | D7: 9.8482946 | E7: 11.93906 | F7: 103.72285 | G7: 34.583032 | H7: 38.436202 | I7: 53.862636 | J7: 11.750118 | K7: 20.857169 | L7: 349.32291 | M7: 52.321877 | N7: 83.240995 | O7: 27.147392 | P7: 8.5756511 | Q7: 13.60733 | R7: 204.7869 | S7: 25.81423 | T7: 46.167462 | U7: 15.782654 | V7: 9.9151832 | W7: 18.504818 | X7: 74.571854 | Y7: 35.867882 | Z7: 58.377609 | AA7: 72.971574 | AB7: 19.264841 | AC7: 40.179803 | AD7: 476.26189 | AE7: 124.51285 | AF7: 160.04977 | AG7: 36.901294 | AH7: 8.4853459 | AI7: 23.865094 | AJ7: 213.67422 | AK7: 43.76647 | AL7: 88.234546
A8: Con03 | B8: AVG | C8: 1336.9578 | D8: 842.89477 | E8: 1164.787 | F8: 117.01936 | G8: 38.202003 | H8: 64.473938 | I8: 1386.7311 | J8: 1116.7127 | K8: 1311.3074 | L8: 397.25948 | M8: 68.981955 | N8: 133.55315 | O8: 1337.256 | P8: 935.56032 | Q8: 1223.9399 | R8: 219.40966 | S8: 35.733898 | T8: 73.174822 | U8: 703.96399 | V8: 762.76091 | W8: 1182.8968 | X8: 74.158155 | Y8: 60.630548 | Z8: 73.068588 | AA8: 594.03826 | AB8: 1048.4144 | AC8: 1262.8026 | AD8: 423.61529 | AE8: 147.26344 | AF8: 178.69476 | AG8: 692.29273 | AH8: 870.49178 | AI8: 1228.8424 | AJ8: 205.44531 | AK8: 63.513175 | AL8: 100.82134
B9: SD | C9: 16.204962 | D9: 9.9685565 | E9: 9.9613366 | F9: 120.00628 | G9: 28.215028 | H9: 39.605396 | I9: 66.09985 | J9: 13.84444 | K9: 23.380974 | L9: 504.02492 | M9: 66.048469 | N9: 96.190394 | O9: 32.464072 | P9: 9.7946621 | Q9: 12.743806 | R9: 253.92705 | S9: 29.125438 | T9: 49.656395 | U9: 14.725949 | V9: 10.790799 | W9: 17.068237 | X9: 71.772306 | Y9: 40.479962 | Z9: 51.533107 | AA9: 70.697081 | AB9: 22.573533 | AC9: 38.852845 | AD9: 465.81547 | AE9: 137.32604 | AF9: 148.46372 | AG9: 35.423893 | AH9: 10.148528 | AI9: 22.928494 | AJ9: 208.97797 | AK9: 50.772853 | AL9: 81.052892
A10: Con04 | B10: AVG | C10: 1339.124 | D10: 849.43699 | E10: 1172.4205 | F10: 112.48149 | G10: 43.669123 | H10: 69.626573 | I10: 1372.0861 | J10: 1122.8208 | K10: 1308.6386 | L10: 367.44751 | M10: 56.355362 | N10: 130.04316 | O10: 1327.7155 | P10: 943.37743 | Q10: 1213.4844 | R10: 205.72304 | S10: 33.086137 | T10: 76.021435 | U10: 706.96669 | V10: 754.94787 | W10: 1173.3115 | X10: 67.461752 | Y10: 60.465969 | Z10: 84.27525 | AA10: 587.79648 | AB10: 1037.5176 | AC10: 1247.4348 | AD10: 418.81638 | AE10: 154.88222 | AF10: 224.12559 | AG10: 691.403 | AH10: 862.05041 | AI10: 1218.2457 | AJ10: 202.1125 | AK10: 67.035893 | AL10: 122.69297
B11: SD | C11: 16.443834 | D11: 7.7822661 | E11: 10.822277 | F11: 115.44036 | G11: 34.15089 | H11: 44.459934 | I11: 64.196132 | J11: 10.65762 | K11: 22.994092 | L11: 442.50607 | M11: 58.246302 | N11: 104.53213 | O11: 31.93933 | P11: 6.1557503 | Q11: 13.203591 | R11: 234.1108 | S11: 28.369349 | T11: 57.74107 | U11: 13.786529 | V11: 11.473102 | W11: 20.724822 | X11: 68.129608 | Y11: 43.079297 | Z11: 66.04479 | AA11: 67.57725 | AB11: 22.712579 | AC11: 50.468899 | AD11: 467.97578 | AE11: 139.56179 | AF11: 187.02377 | AG11: 33.915145 | AH11: 11.024055 | AI11: 29.259025 | AJ11: 208.80337 | AK11: 51.665362 | AL11: 105.54818
A12: Con05 | B12: AVG | C12: 1341.6494 | D12: 861.96022 | E12: 1176.5724 | F12: 106.28478 | G12: 35.265049 | H12: 66.813881 | I12: 1360.5319 | J12: 1134.2023 | K12: 1318.526 | L12: 296.8833 | M12: 49.185632 | N12: 135.84847 | O12: 1324.8228 | P12: 953.51268 | Q12: 1220.8427 | R12: 190.80134 | S12: 32.077951 | T12: 80.030862 | U12: 707.24668 | V12: 746.27108 | W12: 1171.0732 | X12: 73.282596 | Y12: 67.687601 | Z12: 86.697505 | AA12: 577.41752 | AB12: 1022.9424 | AC12: 1236.3067 | AD12: 463.00072 | AE12: 189.68407 | AF12: 241.16589 | AG12: 686.38095 | AH12: 851.58292 | AI12: 1213.9318 | AJ12: 225.82162 | AK12: 82.064013 | AL12: 132.72733
B13: SD | C13: 16.67117 | D13: 9.0174922 | E13: 11.431482 | F13: 110.21234 | G13: 23.944978 | H13: 44.387415 | I13: 57.480539 | J13: 11.416902 | K13: 26.114227 | L13: 369.5165 | M13: 49.071608 | N13: 114.35025 | O13: 29.807604 | P13: 7.4134055 | Q13: 14.339869 | R13: 221.85425 | S13: 26.91959 | T13: 60.185603 | U13: 15.339364 | V13: 12.739833 | W13: 23.328334 | X13: 71.489828 | Y13: 47.974287 | Z13: 68.556496 | AA13: 77.605843 | AB13: 29.684633 | AC13: 55.065087 | AD13: 496.87987 | AE13: 170.99261 | AF13: 195.76746 | AG13: 39.065571 | AH13: 12.701424 | AI13: 31.909947 | AJ13: 220.95729 | AK13: 63.206589 | AL13: 108.94594
A14: Con06 | B14: AVG | C14: 1333.2962 | D14: 878.46393 | E14: 1171.4776 | F14: 109.08683 | G14: 37.456425 | H14: 71.995229 | I14: 1341.6047 | J14: 1158.887 | K14: 1294.158 | L14: 293.94411 | M14: 42.132808 | N14: 147.55497 | O14: 1310.8583 | P14: 970.93927 | Q14: 1211.3687 | R14: 200.2734 | S14: 39.565424 | T14: 86.226487 | U14: 700.95502 | V14: 736.98009 | W14: 1162.1175 | X14: 71.73417 | Y14: 66.084661 | Z14: 83.890837 | AA14: 549.31453 | AB14: 1003.1618 | AC14: 1217.9193 | AD14: 476.40728 | AE14: 216.91089 | AF14: 263.39731 | AG14: 670.3796 | AH14: 839.71228 | AI14: 1202.4774 | AJ14: 232.7505 | AK14: 89.13845 | AL14: 140.96934
B15: SD | C15: 16.222568 | D15: 11.985986 | E15: 13.978881 | F15: 115.37878 | G15: 26.402598 | H15: 49.74581 | I15: 60.447926 | J15: 18.306124 | K15: 31.913991 | L15: 367.47622 | M15: 42.165919 | N15: 125.19255 | O15: 31.168087 | P15: 11.551569 | Q15: 17.949053 | R15: 229.57131 | S15: 37.787384 | T15: 65.767111 | U15: 15.355849 | V15: 13.330066 | W15: 22.616909 | X15: 75.932465 | Y15: 52.479481 | Z15: 70.954126 | AA15: 78.362873 | AB15: 34.977008 | AC15: 55.896421 | AD15: 512.2902 | AE15: 197.00305 | AF15: 203.07318 | AG15: 40.10272 | AH15: 14.960625 | AI15: 31.668032 | AJ15: 229.22351 | AK15: 71.295204 | AL15: 110.07031
A16: Con07 | B16: AVG | C16: 1339.5523 | D16: 874.80912 | E16: 1156.2421 | F16: 118.51218 | G16: 35.53321 | H16: 78.202789 | I16: 1366.3241 | J16: 1156.9912 | K16: 1267.694 | L16: 326.24415 | M16: 53.218574 | N16: 170.07608 | O16: 1323.0142 | P16: 968.00912 | Q16: 1193.3545 | R16: 214.5015 | S16: 38.377254 | T16: 92.822982 | U16: 707.08048 | V16: 738.99319 | W16: 1156.1545 | X16: 64.519238 | Y16: 56.60933 | Z16: 83.193399 | AA16: 564.65362 | AB16: 1011.5631 | AC16: 1202.3869 | AD16: 471.65666 | AE16: 214.96322 | AF16: 285.45145 | AG16: 680.34357 | AH16: 844.12877 | AI16: 1192.7769 | AJ16: 225.83105 | AK16: 81.875701 | AL16: 153.50944
B17: SD | C17: 18.718656 | D17: 14.624364 | E17: 13.450225 | F17: 126.7139 | G17: 25.266205 | H17: 53.223128 | I17: 66.012575 | J17: 18.586368 | K17: 29.011949 | L17: 411.95311 | M17: 56.644582 | N17: 138.54072 | O17: 34.922645 | P17: 13.347359 | Q17: 16.338975 | R17: 250.95932 | S17: 37.601076 | T17: 70.836799 | U17: 15.971766 | V17: 13.434891 | W17: 21.693158 | X17: 72.952107 | Y17: 44.700669 | Z17: 68.786339 | AA17: 77.335066 | AB17: 34.614055 | AC17: 56.366579 | AD17: 498.64663 | AE17: 202.74828 | AF17: 219.62622 | AG17: 38.950135 | AH17: 14.030278 | AI17: 31.867972 | AJ17: 221.22422 | AK17: 69.263339 | AL17: 116.92921
A18: Con08 | B18: AVG | C18: 1335.1958 | D18: 874.85706 | E18: 1157.9956 | F18: 112.52293 | G18: 37.415399 | H18: 72.60225 | I18: 1344.3852 | J18: 1146.2946 | K18: 1283.46 | L18: 298.09381 | M18: 44.388774 | N18: 158.68824 | O18: 1296.969 | P18: 965.74676 | Q18: 1193.2775 | R18: 46.01596 | S18: 9.8337814 | T18: 24.549953 | U18: 707.66134 | V18: 737.73373 | W18: 1148.7861 | X18: 64.390116 | Y18: 64.882067 | Z18: 76.397507 | AA18: 568.12137 | AB18: 1009.8542 | AC18: 1204.1829 | AD18: 468.03393 | AE18: 220.27281 | AF18: 271.64859 | AG18: 683.18896 | AH18: 842.66813 | AI18: 1187.719 | AJ18: 222.0015 | AK18: 88.156912 | AL18: 142.70518
B19: SD | C19: 16.673136 | D19: 13.795974 | E19: 14.296862 | F19: 122.0463 | G19: 27.632349 | H19: 53.073796 | I19: 62.609477 | J19: 17.248943 | K19: 30.007222 | L19: 350.31284 | M19: 52.166096 | N19: 147.44387 | O19: 29.066811 | P19: 12.121276 | Q19: 14.491814 | R19: 103.36541 | S19: 18.417458 | T19: 40.249135 | U19: 15.016804 | V19: 13.035277 | W19: 20.602749 | X19: 68.719485 | Y19: 50.007312 | Z19: 67.074805 | AA19: 75.832288 | AB19: 35.394472 | AC19: 57.768099 | AD19: 497.35685 | AE19: 199.60361 | AF19: 215.75001 | AG19: 38.217329 | AH19: 14.199854 | AI19: 31.345074 | AJ19: 220.76642 | AK19: 70.625786 | AL19: 114.30304
A20: Con09 | B20: AVG | C20: 1343.3892 | D20: 859.69547 | E20: 1163.882 | F20: 105.61624 | G20: 38.857266 | H20: 73.80713 | I20: 1362.165 | J20: 1133.0395 | K20: 1290.8585 | L20: 308.48031 | M20: 54.237751 | N20: 152.79485 | O20: 1311.7494 | P20: 956.13747 | Q20: 1196.9149 | R20: 86.807401 | S20: 11.883151 | T20: 47.538988 | U20: 711.378 | V20: 736.47789 | W20: 1155.026 | X20: 68.179576 | Y20: 54.066283 | Z20: 71.42253 | AA20: 578.02539 | AB20: 1007.6044 | AC20: 1222.9303 | AD20: 487.72094 | AE20: 215.14623 | AF20: 255.66565 | AG20: 688.89003 | AH20: 838.99202 | AI20: 1198.8868 | AJ20: 233.7806 | AK20: 82.398658 | AL20: 133.81828
B21: SD | C21: 16.075327 | D21: 13.278839 | E21: 12.515012 | F21: 118.30303 | G21: 34.448073 | H21: 51.082968 | I21: 68.500986 | J21: 18.597065 | K21: 27.307331 | L21: 384.52259 | M21: 65.444425 | N21: 135.93313 | O21: 30.723472 | P21: 10.915334 | Q21: 13.13047 | R21: 149.00415 | S21: 17.440581 | T21: 58.969648 | U21: 14.424147 | V21: 12.732289 | W21: 18.769972 | X21: 77.039981 | Y21: 44.561999 | Z21: 61.172508 | AA21: 82.101618 | AB21: 35.837287 | AC21: 51.355888 | AD21: 511.54995 | AE21: 201.06214 | AF21: 203.70979 | AG21: 40.321199 | AH21: 14.308313 | AI21: 27.703184 | AJ21: 228.13168 | AK21: 71.197109 | AL21: 107.58062
A22: Con10 | B22: AVG | C22: 1338.5098 | D22: 864.64822 | E22: 1147.7851 | F22: 114.89296 | G22: 38.485879 | H22: 81.707712 | I22: 1364.0271 | J22: 1144.3137 | K22: 1277.2014 | L22: 366.49814 | M22: 67.273412 | N22: 178.46813 | O22: 1321.7388 | P22: 961.41134 | Q22: 1189.8103 | R22: 223.98709 | S22: 36.279286 | T22: 93.771126 | U22: 708.51687 | V22: 731.22113 | W22: 1149.8965 | X22: 70.038057 | Y22: 58.592244 | Z22: 72.65381 | AA22: 571.69832 | AB22: 1001.0272 | AC22: 1210.7179 | AD22: 476.93773 | AE22: 228.28003 | AF22: 252.92252 | AG22: 684.98295 | AH22: 834.35918 | AI22: 1189.7557 | AJ22: 227.51202 | AK22: 88.740425 | AL22: 133.42399
B23: SD | C23: 16.346398 | D23: 11.405069 | E23: 14.549171 | F23: 123.23224 | G23: 29.901233 | H23: 53.815763 | I23: 66.829328 | J23: 16.468081 | K23: 32.292017 | L23: 419.99882 | M23: 68.091296 | N23: 153.12764 | O23: 33.450771 | P23: 10.426137 | Q23: 17.718388 | R23: 251.09905 | S23: 34.189217 | T23: 71.622917 | U23: 16.816334 | V23: 14.927517 | W23: 20.597026 | X23: 76.665913 | Y23: 47.944463 | Z23: 59.835314 | AA23: 84.985597 | AB23: 40.63552 | AC23: 54.497762 | AD23: 512.59674 | AE23: 217.88634 | AF23: 200.65982 | AG23: 42.241193 | AH23: 17.132076 | AI23: 30.040482 | AJ23: 228.11378 | AK23: 77.410894 | AL23: 106.43529
A24: Ctl01 | B24: AVG | C24: 1336.3123 | D24: 801.41182 | E24: 1160.0208 | F24: 124.75582 | G24: 74.256276 | H24: 87.70184 | I24: 1387.3343 | J24: 1081.2817 | K24: 1307.7228 | L24: 410.96985 | M24: 104.1788 | N24: 139.10047 | O24: 1320.6053 | P24: 900.18112 | Q24: 1232.8626 | R24: 224.29342 | S24: 55.845079 | T24: 92.039821 | U24: 695.61741 | V24: 787.53062 | W24: 1197.7823 | X24: 76.866179 | Y24: 44.34033 | Z24: 72.280767 | AA24: 605.48031 | AB24: 1078.4668 | AC24: 1293.3126 | AD24: 435.70021 | AE24: 115.24413 | AF24: 158.06855 | AG24: 695.57998 | AH24: 897.08723 | AI24: 1253.6876 | AJ24: 209.64325 | AK24: 43.407014 | AL24: 94.316041
B25: SD | C25: 18.278907 | D25: 15.996689 | E25: 14.655001 | F25: 122.90737 | G25: 56.295641 | H25: 54.513807 | I25: 68.133747 | J25: 25.024844 | K25: 24.411379 | L25: 439.39486 | M25: 106.6425 | N25: 118.1021 | O25: 35.716807 | P25: 15.230938 | Q25: 15.727333 | R25: 230.22521 | S25: 47.042043 | T25: 69.699637 | U25: 14.174487 | V25: 10.350417 | W25: 18.394037 | X25: 80.624381 | Y25: 35.507017 | Z25: 49.722151 | AA25: 73.403859 | AB25: 19.200662 | AC25: 33.146551 | AD25: 491.52987 | AE25: 108.45455 | AF25: 138.59308 | AG25: 36.402292 | AH25: 8.2508552 | AI25: 20.871276 | AJ25: 227.06491 | AK25: 35.723398 | AL25: 75.100062
A26: Ctl02 | B26: AVG | C26: 1331.0353 | D26: 841.20771 | E26: 1163.6025 | F26: 120.7039 | G26: 58.757946 | H26: 87.850294 | I26: 1358.6661 | J26: 1123.366 | K26: 1315.6264 | L26: 380.39776 | M26: 67.973778 | N26: 121.25728 | O26: 1304.7891 | P26: 937.82795 | Q26: 1237.8108 | R26: 209.10306 | S26: 38.640372 | T26: 90.122947 | U26: 698.7867 | V26: 790.70253 | W26: 1206.5902 | X26: 76.568995 | Y26: 49.48201 | Z26: 69.229906 | AA26: 606.32816 | AB26: 1084.2202 | AC26: 1296.6711 | AD26: 436.71036 | AE26: 135.89509 | AF26: 163.87373 | AG26: 700.41102 | AH26: 903.39696 | AI26: 1259.2831 | AJ26: 212.37376 | AK26: 51.399215 | AL26: 97.138394
B27: SD | C27: 15.353691 | D27: 13.326802 | E27: 11.157486 | F27: 119.3272 | G27: 43.129503 | H27: 53.074056 | I27: 55.756857 | J27: 14.857548 | K27: 19.2619 | L27: 425.7745 | M27: 65.122682 | N27: 100.44599 | O27: 28.925183 | P27: 11.660316 | Q27: 12.15057 | R27: 220.90521 | S27: 29.631612 | T27: 61.373326 | U27: 12.223819 | V27: 9.9159044 | W27: 14.039231 | X27: 77.361508 | Y27: 35.545232 | Z27: 46.311493 | AA27: 63.752205 | AB27: 17.494114 | AC27: 32.662842 | AD27: 489.594 | AE27: 118.83286 | AF27: 123.31053 | AG27: 31.749834 | AH27: 8.0552544 | AI27: 18.646496 | AJ27: 228.38943 | AK27: 37.155938 | AL27: 69.544591
A28: Ctl03 | B28: AVG | C28: 1347.2055 | D28: 833.67448 | E28: 1166.2482 | F28: 110.22419 | G28: 38.71606 | H28: 63.793691 | I28: 1351.3332 | J28: 1110.6108 | K28: 1328.6463 | L28: 330.11294 | M28: 56.309754 | N28: 115.70679 | O28: 1312.0688 | P28: 924.08852 | Q28: 1243.8683 | R28: 184.05585 | S28: 31.361483 | T28: 73.49178 | U28: 725.19132 | V28: 758.78052 | W28: 1199.4358 | X28: 62.74951 | Y28: 51.950499 | Z28: 52.011079 | AA28: 632.41946 | AB28: 1053.4096 | AC28: 1286.334 | AD28: 369.87628 | AE28: 132.23645 | AF28: 133.69889 | AG28: 726.44568 | AH28: 871.14905 | AI28: 1251.2587 | AJ28: 177.54274 | AK28: 54.880958 | AL28: 76.321355
B29: SD | C29: 15.305552 | D29: 9.8496248 | E29: 9.5507542 | F29: 111.26326 | G29: 29.870176 | H29: 40.8477 | I29: 53.579095 | J29: 11.608707 | K29: 18.526211 | L29: 373.52583 | M29: 52.599051 | N29: 98.327212 | O29: 28.086272 | P29: 9.1876927 | Q29: 10.996261 | R29: 195.03378 | S29: 29.653293 | T29: 55.749282 | U29: 11.111618 | V29: 10.610156 | W29: 11.225173 | X29: 66.028555 | Y29: 36.555734 | Z29: 36.356404 | AA29: 54.733209 | AB29: 18.066661 | AC29: 25.825781 | AD29: 437.80636 | AE29: 118.7383 | AF29: 104.60734 | AG29: 27.026323 | AH29: 11.001291 | AI29: 14.781847 | AJ29: 201.35133 | AK29: 41.027978 | AL29: 54.825732
A30: Ctl04 | B30: AVG | C30: 1344.1763 | D30: 857.62678 | E30: 1165.4433 | F30: 96.253241 | G30: 26.856571 | H30: 52.883569 | I30: 1328.1307 | J30: 1135.5086 | K30: 1322.8677 | L30: 322.0591 | M30: 49.907077 | N30: 106.8597 | O30: 1301.4755 | P30: 945.80473 | Q30: 1240.3403 | R30: 169.38364 | S30: 32.723429 | T30: 64.083712 | U30: 732.82112 | V30: 747.20019 | W30: 1200.4359 | X30: 49.68274 | Y30: 51.929168 | Z30: 39.637146 | AA30: 633.7575 | AB30: 1042.4935 | AC30: 1284.1596 | AD30: 325.41049 | AE30: 129.49013 | AF30: 110.94585 | AG30: 733.33519 | AH30: 862.66499 | AI30: 1249.7596 | AJ30: 154.84802 | AK30: 54.900173 | AL30: 60.165461
B31: SD | C31: 14.293615 | D31: 8.9963785 | E31: 8.3348064 | F31: 100.32589 | G31: 19.082057 | H31: 33.498355 | I31: 52.707261 | J31: 8.5867013 | K31: 20.399601 | L31: 365.55885 | M31: 57.595637 | N31: 97.853163 | O31: 27.08654 | P31: 7.2930338 | Q31: 10.424008 | R31: 185.11611 | S31: 37.5354 | T31: 51.295363 | U31: 9.7997863 | V31: 9.4882047 | W31: 8.6120008 | X31: 54.802365 | Y31: 35.796756 | Z31: 27.347471 | AA31: 50.888199 | AB31: 18.663757 | AC31: 22.101517 | AD31: 392.91182 | AE31: 119.98308 | AF31: 96.725715 | AG31: 25.354865 | AH31: 9.645862 | AI31: 12.131291 | AJ31: 178.48584 | AK31: 41.713822 | AL31: 49.871246
A32: Ctl05 | B32: AVG | C32: 1344.3836 | D32: 857.07557 | E32: 1161.8943 | F32: 106.63826 | G32: 31.536947 | H32: 52.089368 | I32: 1329.1957 | J32: 1133.0006 | K32: 1327.4848 | L32: 331.75145 | M32: 55.406833 | N32: 96.114597 | O32: 1303.3108 | P32: 944.49783 | Q32: 1242.1665 | R32: 178.01851 | S32: 36.446423 | T32: 57.375862 | U32: 730.96087 | V32: 738.22686 | W32: 1194.25 | X32: 59.317182 | Y32: 57.714841 | Z32: 47.873016 | AA32: 621.60235 | AB32: 1028.9713 | AC32: 1279.7365 | AD32: 386.4923 | AE32: 156.66079 | AF32: 141.2172 | AG32: 724.75658 | AH32: 851.69252 | AI32: 1246.4979 | AJ32: 185.28314 | AK32: 64.533972 | AL32: 73.090294
B33: SD | C33: 15.229897 | D33: 13.080468 | E33: 10.156808 | F33: 108.37616 | G33: 23.546635 | H33: 34.882167 | I33: 55.277624 | J33: 14.303811 | K33: 17.302629 | L33: 378.26834 | M33: 51.050961 | N33: 76.819534 | O33: 28.429555 | P33: 12.310041 | Q33: 10.394219 | R33: 195.57836 | S33: 37.46142 | T33: 42.297971 | U33: 10.006606 | V33: 9.507455 | W33: 10.517385 | X33: 61.249825 | Y33: 40.074535 | Z33: 34.245481 | AA33: 55.943704 | AB33: 21.265065 | AC33: 27.10349 | AD33: 437.08711 | AE33: 139.77427 | AF33: 128.06335 | AG33: 27.591843 | AH33: 9.4053196 | AI33: 15.175993 | AJ33: 201.4154 | AK33: 49.319815 | AL33: 63.913862
A34: Ctl06 | B34: AVG | C34: 1344.0937 | D34: 854.12226 | E34: 1164.652 | F34: 103.59139 | G34: 31.175177 | H34: 61.784929 | I34: 1332.3468 | J34: 1140.8987 | K34: 1306.1175 | L34: 340.40585 | M34: 52.662619 | N34: 125.95421 | O34: 1304.2196 | P34: 946.32812 | Q34: 1237.671 | R34: 179.05052 | S34: 38.805038 | T34: 71.707872 | U34: 728.3267 | V34: 735.86958 | W34: 1185.7438 | X34: 62.386819 | Y34: 61.603086 | Z34: 62.018469 | AA34: 616.21185 | AB34: 1028.688 | AC34: 1250.6207 | AD34: 400.41325 | AE34: 159.38468 | AF34: 181.34011 | AG34: 719.25725 | AH34: 849.98413 | AI34: 1233.1251 | AJ34: 191.89674 | AK34: 66.691616 | AL34: 94.728426
B35: SD | C35: 14.622329 | D35: 11.124197 | E35: 11.945382 | F35: 104.48674 | G35: 24.259955 | H35: 42.484378 | I35: 52.758769 | J35: 18.427544 | K35: 32.780188 | L35: 380.73808 | M35: 54.381699 | N35: 108.77511 | O35: 27.19319 | P35: 13.922123 | Q35: 16.737187 | R35: 193.52175 | S35: 41.792975 | T35: 58.927098 | U35: 10.672455 | V35: 10.898795 | W35: 15.323912 | X35: 63.049414 | Y35: 41.523017 | Z35: 44.940104 | AA35: 60.233099 | AB35: 22.294499 | AC35: 39.472952 | AD35: 451.05571 | AE35: 147.61429 | AF35: 155.40169 | AG35: 29.8916 | AH35: 9.9910378 | AI35: 22.258278 | AJ35: 208.44949 | AK35: 51.026602 | AL35: 78.000336
A36: Ctl07 | B36: AVG | C36: 1346.3095 | D36: 849.24231 | E36: 1153.6061 | F36: 93.735388 | G36: 26.251377 | H36: 62.842199 | I36: 1333.7429 | J36: 1142.5045 | K36: 1277.1971 | L36: 345.79667 | M36: 55.262622 | N36: 148.33003 | O36: 1306.9321 | P36: 943.81011 | Q36: 1222.0146 | R36: 173.68881 | S36: 44.468872 | T36: 78.986427 | U36: 730.39257 | V36: 728.5417 | W36: 1179.1116 | X36: 59.682572 | Y36: 55.577135 | Z36: 58.855884 | AA36: 620.15323 | AB36: 1024.1744 | AC36: 1239.1746 | AD36: 356.13803 | AE36: 131.31717 | AF36: 167.46958 | AG36: 722.98584 | AH36: 844.56131 | AI36: 1224.0262 | AJ36: 174.09852 | AK36: 55.319034 | AL36: 86.724225
B37: SD | C37: 13.400349 | D37: 9.1903254 | E37: 12.236549 | F37: 97.030509 | G37: 19.858337 | H37: 47.141381 | I37: 56.606277 | J37: 12.036924 | K37: 28.801005 | L37: 372.1111 | M37: 64.63761 | N37: 134.02648 | O37: 27.54331 | P37: 10.666787 | Q37: 15.845216 | R37: 183.5263 | S37: 50.327058 | T37: 68.965204 | U37: 10.013718 | V37: 10.541315 | W37: 12.971025 | X37: 63.731421 | Y37: 41.000381 | Z37: 44.905055 | AA37: 56.693063 | AB37: 20.203981 | AC37: 34.328986 | AD37: 439.88557 | AE37: 131.47395 | AF37: 156.1321 | AG37: 27.962312 | AH37: 9.4041419 | AI37: 18.83128 | AJ37: 204.53544 | AK37: 42.617622 | AL37: 78.133299
A38: Ctl08 | B38: AVG | C38: 1347.7078 | D38: 851.00696 | E38: 1154.7535 | F38: 93.818702 | G38: 31.555713 | H38: 52.010121 | I38: 1327.0309 | J38: 1145.1172 | K38: 1275.8472 | L38: 315.16233 | M38: 53.643936 | N38: 112.89543 | O38: 1306.5076 | P38: 945.16362 | Q38: 1221.9514 | R38: 161.43676 | S38: 41.814987 | T38: 62.255763 | U38: 733.57938 | V38: 725.6612 | W38: 1189.5784 | X38: 55.580878 | Y38: 57.722007 | Z38: 46.692754 | AA38: 631.09296 | AB38: 1022.9788 | AC38: 1255.1728 | AD38: 347.03437 | AE38: 130.48481 | AF38: 132.48844 | AG38: 729.56872 | AH38: 840.99122 | AI38: 1235.5425 | AJ38: 166.92497 | AK38: 57.325285 | AL38: 68.453366
B39: SD | C39: 15.284518 | D39: 12.45543 | E39: 10.29914 | F39: 97.237848 | G39: 23.307305 | H39: 37.236725 | I39: 56.052633 | J39: 13.162144 | K39: 24.627558 | L39: 379.09121 | M39: 61.045495 | N39: 96.782071 | O39: 27.909048 | P39: 11.077773 | Q39: 13.703649 | R39: 187.91856 | S39: 45.082461 | T39: 51.006948 | U39: 11.22981 | V39: 10.63692 | W39: 12.668174 | X39: 54.672074 | Y39: 39.203486 | Z39: 37.008878 | AA39: 55.84389 | AB39: 20.580797 | AC39: 29.168532 | AD39: 394.52232 | AE39: 116.05553 | AF39: 104.36397 | AG39: 27.95335 | AH39: 9.6691686 | AI39: 17.089108 | AJ39: 180.03996 | AK39: 41.902596 | AL39: 55.027225
A40: Ctl09 | B40: AVG | C40: 1353.2103 | D40: 831.8585 | E40: 1166.394 | F40: 109.12265 | G40: 36.125365 | H40: 63.721567 | I40: 1338.7305 | J40: 1125.547 | K40: 1293.2661 | L40: 357.56063 | M40: 51.799398 | N40: 121.67002 | O40: 1313.4081 | P40: 927.14225 | Q40: 1234.497 | R40: 188.54798 | S40: 37.828743 | T40: 74.984859 | U40: 729.93414 | V40: 717.57771 | W40: 1188.6933 | X40: 67.21306 | Y40: 57.057121 | Z40: 60.532869 | AA40: 620.25568 | AB40: 1012.4698 | AC40: 1244.4059 | AD40: 408.95561 | AE40: 155.68761 | AF40: 165.08516 | AG40: 722.46341 | AH40: 832.79874 | AI40: 1232.0784 | AJ40: 197.20312 | AK40: 60.374802 | AL40: 90.298362
B41: SD | C41: 14.044021 | D41: 9.1726291 | E41: 9.3910152 | F41: 103.93262 | G41: 29.772386 | H41: 43.341991 | I41: 52.976255 | J41: 11.452692 | K41: 19.882448 | L41: 394.68089 | M41: 50.238957 | N41: 100.15415 | O41: 26.547232 | P41: 9.2643188 | Q41: 11.335187 | R41: 193.85574 | S41: 36.524917 | T41: 57.127204 | U41: 11.974866 | V41: 10.61304 | W41: 11.33707 | X41: 69.287947 | Y41: 40.056035 | Z41: 42.265763 | AA41: 63.507743 | AB41: 23.72536 | AC41: 28.562868 | AD41: 471.06567 | AE41: 159.81721 | AF41: 126.94991 | AG41: 31.723677 | AH41: 10.239715 | AI41: 15.82883 | AJ41: 221.53649 | AK41: 51.028417 | AL41: 66.997435
A42: Ctl10 | B42: AVG | C42: 1351.4238 | D42: 844.50374 | E42: 1156.9521 | F42: 110.28111 | G42: 47.242563 | H42: 69.774243 | I42: 1344.6188 | J42: 1137.8571 | K42: 1282.4985 | L42: 360.94402 | M42: 49.871964 | N42: 119.76531 | O42: 1314.017 | P42: 940.36909 | Q42: 1223.5569 | R42: 191.35251 | S42: 33.623834 | T42: 80.851006 | U42: 722.55129 | V42: 732.85402 | W42: 1173.3881 | X42: 67.851786 | Y42: 61.139771 | Z42: 71.53805 | AA42: 611.66665 | AB42: 1029.7967 | AC42: 1216.5726 | AD42: 403.04169 | AE42: 149.28976 | AF42: 200.28795 | AG42: 713.145 | AH42: 849.93858 | AI42: 1210.4796 | AJ42: 194.51029 | AK42: 58.444354 | AL42: 109.33104
B43: SD | C43: 14.896385 | D43: 12.395481 | E43: 10.879445 | F43: 106.28025 | G43: 40.804145 | H43: 47.712935 | I43: 55.614966 | J43: 12.116519 | K43: 19.045263 | L43: 406.31789 | M43: 49.47335 | N43: 104.60287 | O43: 27.958787 | P43: 9.1690402 | Q43: 11.875229 | R43: 200.65023 | S43: 31.570233 | T43: 60.434092 | U43: 11.643309 | V43: 11.399117 | W43: 14.90286 | X43: 71.474447 | Y43: 45.050777 | Z43: 48.085059 | AA43: 64.369111 | AB43: 23.374032 | AC43: 39.941516 | AD43: 462.32506 | AE43: 148.8286 | AF43: 165.70912 | AG43: 31.848254 | AH43: 9.6840412 | AI43: 22.311523 | AJ43: 214.14883 | AK43: 49.743837 | AL43: 84.983086
A44: ISO01 | B44: AVG | C44: 1342.7477 | D44: 872.41572 | E44: 1173.6479 | F44: 106.21248 | G44: 39.469466 | H44: 58.224719 | I44: 1347.2975 | J44: 1156.3554 | K44: 1330.1174 | L44: 280.12946 | M44: 37.33068 | N44: 85.78379 | O44: 1326.7378 | P44: 973.08308 | Q44: 1232.2885 | R44: 187.63596 | S44: 28.146379 | T44: 61.343313 | U44: 714.88121 | V44: 792.47634 | W44: 1184.6361 | X44: 60.361462 | Y44: 47.497593 | Z44: 46.657657 | AA44: 633.77916 | AB44: 1086.7916 | AC44: 1318.4685 | AD44: 343.04828 | AE44: 116.07615 | AF44: 99.065478 | AG44: 705.29143 | AH44: 905.64197 | AI44: 1244.6577 | AJ44: 159.55837 | AK44: 51.883062 | AL44: 49.381146
B45: SD | C45: 15.206429 | D45: 12.014544 | E45: 9.3023469 | F45: 105.51172 | G45: 32.507082 | H45: 35.550983 | I45: 52.704729 | J45: 9.105202 | K45: 17.989447 | L45: 316.97958 | M45: 33.188174 | N45: 70.683693 | O45: 28.358581 | P45: 9.4541042 | Q45: 11.10339 | R45: 202.00208 | S45: 23.43486 | T45: 43.55263 | U45: 11.616887 | V45: 9.662476 | W45: 12.104423 | X45: 66.532719 | Y45: 35.678402 | Z45: 32.088112 | AA45: 55.603171 | AB45: 16.192067 | AC45: 20.583075 | AD45: 408.71662 | AE45: 111.10161 | AF45: 75.334324 | AG45: 26.625594 | AH45: 9.3749381 | AI45: 13.924561 | AJ45: 193.37686 | AK45: 50.178599 | AL45: 41.14706
A46: ISO02 | B46: AVG | C46: 1328.3987 | D46: 885.14325 | E46: 1172.1974 | F46: 108.2375 | G46: 39.682381 | H46: 55.699573 | I46: 1336.8994 | J46: 1171.5579 | K46: 1323.5855 | L46: 268.71699 | M46: 37.587671 | N46: 81.759014 | O46: 1313.6462 | P46: 986.0624 | Q46: 1229.8689 | R46: 190.07632 | S46: 29.918805 | T46: 60.258106 | U46: 709.47381 | V46: 792.19637 | W46: 1188.3007 | X46: 64.545575 | Y46: 55.162063 | Z46: 44.171788 | AA46: 609.85547 | AB46: 1082.1535 | AC46: 1317.5937 | AD46: 373.99231 | AE46: 139.97223 | AF46: 89.831457 | AG46: 694.74887 | AH46: 905.30927 | AI46: 1247.5293 | AJ46: 166.67148 | AK46: 52.20006 | AL46: 35.645777
B47: SD | C47: 16.146691 | D47: 7.561242 | E47: 7.5403942 | F47: 99.546799 | G47: 31.048176 | H47: 34.040078 | I47: 51.846249 | J47: 8.9190503 | K47: 12.949164 | L47: 313.25103 | M47: 37.386739 | N47: 65.968562 | O47: 28.801277 | P47: 6.7198193 | Q47: 8.6869625 | R47: 198.51088 | S47: 24.076578 | T47: 40.562507 | U47: 13.165341 | V47: 11.024441 | W47: 9.210407 | X47: 70.299969 | Y47: 39.397986 | Z47: 30.163425 | AA47: 56.22174 | AB47: 20.075929 | AC47: 15.932422 | AD47: 435.75062 | AE47: 126.22704 | AF47: 72.077101 | AG47: 28.678903 | AH47: 11.597928 | AI47: 10.874472 | AJ47: 214.48436 | AK47: 53.246734 | AL47: 37.362606
A48: ISO03 | B48: AVG | C48: 1328.9171 | D48: 888.07226 | E48: 1173.2755 | F48: 105.31386 | G48: 33.695211 | H48: 52.294598 | I48: 1325.1872 | J48: 1174.4508 | K48: 1325.6846 | L48: 276.78203 | M48: 35.38646 | N48: 79.262262 | O48: 1309.5734 | P48: 988.80831 | Q48: 1230.3059 | R48: 179.43096 | S48: 24.663029 | T48: 57.607684 | U48: 703.96939 | V48: 782.85792 | W48: 1190.6132 | X48: 69.797291 | Y48: 60.313507 | Z48: 47.402129 | AA48: 594.76137 | AB48: 1073.1857 | AC48: 1302.9932 | AD48: 399.65446 | AE48: 159.33737 | AF48: 111.9738 | AG48: 684.96476 | AH48: 895.33407 | AI48: 1244.5343 | AJ48: 169.64345 | AK48: 62.120636 | AL48: 57.622614
B49: SD | C49: 14.14716 | D49: 8.6244868 | E49: 8.1648957 | F49: 101.89331 | G49: 28.39929 | H49: 32.332467 | I49: 46.289052 | J49: 11.031118 | K49: 15.62122 | L49: 317.99157 | M49: 33.620987 | N49: 67.505825 | O49: 25.115213 | P49: 8.3947988 | Q49: 9.9578232 | R49: 191.0537 | S49: 21.254043 | T49: 40.497475 | U49: 13.981401 | V49: 13.860317 | W49: 11.974836 | X49: 77.243934 | Y49: 47.180689 | Z49: 37.101263 | AA49: 64.165527 | AB49: 26.584438 | AC49: 21.068986 | AD49: 457.09638 | AE49: 144.24057 | AF49: 93.20292 | AG49: 32.712776 | AH49: 15.378656 | AI49: 13.530577 | AJ49: 211.89743 | AK49: 55.411865 | AL49: 52.471102
A50: ISO04 | B50: AVG | C50: 1339.6566 | D50: 888.04763 | E50: 1178.4506 | F50: 105.33323 | G50: 30.77525 | H50: 51.27261 | I50: 1331.6583 | J50: 1172.492 | K50: 1332.8902 | L50: 234.36191 | M50: 36.985477 | N50: 84.398414 | O50: 1318.0999 | P50: 987.8287 | Q50: 1235.2349 | R50: 179.60551 | S50: 24.813251 | T50: 58.593568 | U50: 714.51368 | V50: 766.85577 | W50: 1188.3786 | X50: 71.435752 | Y50: 63.851419 | Z50: 37.946967 | AA50: 587.29756 | AB50: 1046.6747 | AC50: 1301.6596 | AD50: 416.18302 | AE50: 199.69521 | AF50: 116.43538 | AG50: 688.5545 | AH50: 875.7632 | AI50: 1243.1753 | AJ50: 173.63123 | AK50: 74.18777 | AL50: 54.676852
B51: SD | C51: 14.299028 | D51: 8.2430874 | E51: 7.9534701 | F51: 106.36479 | G51: 26.0926 | H51: 31.140853 | I51: 46.629993 | J51: 11.10002 | K51: 14.382759 | L51: 288.01203 | M51: 34.683917 | N51: 68.469519 | O51: 25.738844 | P51: 8.3155494 | Q51: 9.4280564 | R51: 200.12694 | S51: 20.785166 | T51: 39.17367 | U51: 12.725491 | V51: 11.659702 | W51: 9.1865349 | X51: 77.30864 | Y51: 54.740447 | Z51: 30.353458 | AA51: 67.200794 | AB51: 30.245818 | AC51: 16.178529 | AD51: 488.88298 | AE51: 193.15917 | AF51: 90.1069 | AG51: 33.749951 | AH51: 14.820722 | AI51: 9.4647035 | AJ51: 219.17058 | AK51: 71.944733 | AL51: 45.536604
A52: ISO05 | B52: AVG | C52: 1344.1649 | D52: 890.01763 | E52: 1175.4481 | F52: 94.612634 | G52: 23.586826 | H52: 45.833594 | I52: 1330.1449 | J52: 1172.821 | K52: 1332.1689 | L52: 223.1739 | M52: 30.873985 | N52: 77.480003 | O52: 1320.6146 | P52: 988.63773 | Q52: 1232.9998 | R52: 160.76519 | S52: 21.757944 | T52: 51.848556 | U52: 726.18542 | V52: 771.57451 | W52: 1187.6617 | X52: 60.976502 | Y52: 59.935865 | Z52: 42.716279 | AA52: 613.81609 | AB52: 1057.6505 | AC52: 1300.5208 | AD52: 372.39574 | AE52: 155.03551 | AF52: 108.4389 | AG52: 707.13928 | AH52: 881.79266 | AI52: 1241.4001 | AJ52: 153.96806 | AK52: 61.238089 | AL52: 49.174945
B53: SD | C53: 12.887578 | D53: 9.6880066 | E53: 7.4763073 | F53: 96.139137 | G53: 19.054438 | H53: 29.159362 | I53: 44.443207 | J53: 12.130258 | K53: 14.854351 | L53: 280.31389 | M53: 32.730935 | N53: 61.717995 | O53: 23.66383 | P53: 9.8900685 | Q53: 9.2291202 | R53: 182.45923 | S53: 23.000269 | T53: 36.294636 | U53: 11.765763 | V53: 14.733254 | W53: 10.559961 | X53: 63.667709 | Y53: 44.130084 | Z53: 34.448937 | AA53: 62.785748 | AB53: 25.084166 | AC53: 22.544551 | AD53: 415.72298 | AE53: 144.72096 | AF53: 98.400286 | AG53: 31.573364 | AH53: 15.010096 | AI53: 13.218793 | AJ53: 183.34882 | AK53: 56.038767 | AL53: 46.841107
A54: ISO06 | B54: AVG | C54: 1335.846 | D54: 899.41071 | E54: 1182.3754 | F54: 89.015242 | G54: 20.293389 | H54: 46.858644 | I54: 1315.1059 | J54: 1185.9383 | K54: 1331.2252 | L54: 228.27048 | M54: 38.306943 | N54: 86.420063 | O54: 1309.937 | P54: 999.33001 | Q54: 1235.9735 | R54: 154.50018 | S54: 23.156705 | T54: 57.105139 | U54: 723.74442 | V54: 780.72322 | W54: 1189.5531 | X54: 56.333519 | Y54: 56.52295 | Z54: 49.944835 | AA54: 623.19418 | AB54: 1073.9888 | AC54: 1296.7535 | AD54: 352.88299 | AE54: 142.72842 | AF54: 121.32132 | AG54: 709.75208 | AH54: 893.20705 | AI54: 1240.7583 | AJ54: 144.15529 | AK54: 55.480451 | AL54: 59.882678
B55: SD | C55: 12.972606 | D55: 5.9190303 | E55: 7.7624467 | F55: 94.326959 | G55: 17.203014 | H55: 29.935574 | I55: 43.450802 | J55: 8.6094568 | K55: 14.873032 | L55: 278.86685 | M55: 35.944597 | N55: 65.044675 | O55: 23.236883 | P55: 6.1726245 | Q55: 9.3915215 | R55: 179.18654 | S55: 23.638242 | T55: 37.087619 | U55: 10.939148 | V55: 10.196987 | W55: 12.531621 | X55: 59.219738 | Y55: 41.943255 | Z55: 34.100099 | AA55: 55.585402 | AB55: 19.741864 | AC55: 27.801234 | AD55: 399.19948 | AE55: 142.00062 | AF55: 101.01195 | AG55: 27.406197 | AH55: 10.268994 | AI55: 16.764561 | AJ55: 172.04555 | AK55: 48.293416 | AL55: 52.649888
A56: ISO07 | B56: AVG | C56: 1341.5529 | D56: 888.18712 | E56: 1167.0465 | F56: 91.501106 | G56: 25.456189 | H56: 59.580247 | I56: 1332.6754 | J56: 1174.5223 | K56: 1314.524 | L56: 281.02986 | M56: 37.550809 | N56: 102.63033 | O56: 1319.891 | P56: 988.30701 | Q56: 1220.8179 | R56: 170.50182 | S56: 21.366398 | T56: 70.494846 | U56: 726.57315 | V56: 770.47332 | W56: 1175.8872 | X56: 57.951445 | Y56: 56.141177 | Z56: 57.000276 | AA56: 616.97768 | AB56: 1063.3366 | AC56: 1268.586 | AD56: 380.30894 | AE56: 163.85585 | AF56: 155.08844 | AG56: 708.7111 | AH56: 882.76678 | AI56: 1222.9483 | AJ56: 162.0952 | AK56: 66.847392 | AL56: 80.611572
B57: SD | C57: 13.742347 | D57: 13.871426 | E57: 12.957153 | F57: 97.343172 | G57: 20.371406 | H57: 37.046429 | I57: 51.730687 | J57: 17.073528 | K57: 21.978889 | L57: 344.60906 | M57: 38.056537 | N57: 83.308463 | O57: 26.36559 | P57: 13.681423 | Q57: 14.495821 | R57: 193.74581 | S57: 21.901018 | T57: 48.869906 | U57: 11.358648 | V57: 9.2832454 | W57: 14.472639 | X57: 65.574434 | Y57: 43.177382 | Z57: 44.299248 | AA57: 56.820746 | AB57: 21.627234 | AC57: 34.728738 | AD57: 442.90059 | AE57: 164.16852 | AF57: 127.55493 | AG57: 27.739829 | AH57: 9.7630771 | AI57: 20.322289 | AJ57: 190.05606 | AK57: 56.365009 | AL57: 66.418656
A58: ISO08 | B58: AVG | C58: 1335.4132 | D58: 897.68279 | E58: 1161.4981 | F58: 91.085657 | G58: 22.985081 | H58: 54.580237 | I58: 1316.2698 | J58: 1181.8052 | K58: 1310.9828 | L58: 266.09003 | M58: 43.79399 | N58: 106.14771 | O58: 1310.3677 | P58: 994.94429 | Q58: 1217.5355 | R58: 160.73575 | S58: 27.612484 | T58: 68.037895 | U58: 726.81605 | V58: 757.16852 | W58: 1169.5861 | X58: 59.805408 | Y58: 57.033719 | Z58: 58.865762 | AA58: 620.25358 | AB58: 1052.5247 | AC58: 1256.29 | AD58: 360.09897 | AE58: 144.28618 | AF58: 176.45195 | AG58: 710.57718 | AH58: 870.70606 | AI58: 1213.8534 | AJ58: 155.15888 | AK58: 60.291546 | AL58: 90.569883
B59: SD | C59: 13.979747 | D59: 8.9538804 | E59: 11.356402 | F59: 91.570415 | G59: 16.925153 | H59: 37.877924 | I59: 48.966188 | J59: 15.649103 | K59: 26.820288 | L59: 311.56856 | M59: 47.418261 | N59: 89.626375 | O59: 25.512134 | P59: 10.592953 | Q59: 15.976452 | R59: 178.88056 | S59: 29.788644 | T59: 51.593612 | U59: 12.81895 | V59: 10.5493 | W59: 14.645087 | X59: 62.108101 | Y59: 43.798635 | Z59: 41.408586 | AA59: 59.103521 | AB59: 22.826282 | AC59: 37.83147 | AD59: 396.35528 | AE59: 147.04738 | AF59: 144.90827 | AG59: 29.654378 | AH59: 11.127209 | AI59: 21.602185 | AJ59: 164.74699 | AK59: 51.304563 | AL59: 73.218358
A60: ISO09 | B60: AVG | C60: 1330.3617 | D60: 904.45539 | E60: 1150.5898 | F60: 91.83927 | G60: 21.732236 | H60: 62.438723 | I60: 1321.089 | J60: 1191.6741 | K60: 1299.4721 | L60: 296.68925 | M60: 46.005776 | N60: 131.42085 | O60: 1309.8177 | P60: 1003.7976 | Q60: 1209.5997 | R60: 172.33935 | S60: 25.652498 | T60: 81.78871 | U60: 722.48297 | V60: 755.99175 | W60: 1162.3796 | X60: 63.208418 | Y60: 56.484387 | Z60: 69.092709 | AA60: 600.22275 | AB60: 1044.3423 | AC60: 1241.2199 | AD60: 392.57755 | AE60: 176.02528 | AF60: 204.09092 | AG60: 699.35224 | AH60: 867.79374 | AI60: 1204.6619 | AJ60: 174.66917 | AK60: 73.26542 | AL60: 111.59973
B61: SD | C61: 13.416999 | D61: 4.9692882 | E61: 9.6247038 | F61: 95.006965 | G61: 15.259592 | H61: 42.612578 | I61: 54.502075 | J61: 8.986803 | K61: 21.733336 | L61: 353.36092 | M61: 49.742053 | N61: 105.98281 | O61: 27.176228 | P61: 5.4614418 | Q61: 12.77794 | R61: 192.92091 | S61: 28.169083 | T61: 59.218332 | U61: 14.267354 | V61: 11.328092 | W61: 18.077808 | X61: 64.450624 | Y61: 45.654551 | Z61: 54.995896 | AA61: 71.972033 | AB61: 30.468922 | AC61: 46.141309 | AD61: 426.95973 | AE61: 175.88302 | AF61: 175.84541 | AG61: 36.254455 | AH61: 13.369839 | AI61: 26.696479 | AJ61: 177.50444 | AK61: 64.221734 | AL61: 96.39348
A62: ISO10 | B62: AVG | C62: 1326.8849 | D62: 905.06111 | E62: 1151.9674 | F62: 79.276418 | G62: 17.69639 | H62: 55.17761 | I62: 1306.6495 | J62: 1192.1703 | K62: 1299.5739 | L62: 237.70125 | M62: 38.382335 | N62: 97.077331 | O62: 1302.1633 | P62: 1003.3093 | Q62: 1210.0749 | R62: 149.97466 | S62: 28.393967 | T62: 65.101154 | U62: 717.1186 | V62: 756.65436 | W62: 1162.0067 | X62: 62.67484 | Y62: 60.498819 | Z62: 68.556374 | AA62: 609.42777 | AB62: 1054.0574 | AC62: 1234.2297 | AD62: 367.16729 | AE62: 142.60778 | AF62: 209.91296 | AG62: 700.60934 | AH62: 871.01687 | AI62: 1202.0507 | AJ62: 167.34523 | AK62: 64.319509 | AL62: 113.53758
B63: SD | C63: 11.966937 | D63: 9.1337595 | E63: 8.8746353 | F63: 83.358248 | G63: 12.862246 | H63: 35.05722 | I63: 49.482409 | J63: 14.476256 | K63: 19.6063 | L63: 297.66289 | M63: 40.074596 | N63: 86.49845 | O63: 24.451797 | P63: 10.474907 | Q63: 11.74556 | R63: 176.37298 | S63: 30.31477 | T63: 46.455715 | U63: 15.146635 | V63: 10.703782 | W63: 16.54024 | X63: 65.437807 | Y63: 46.027165 | Z63: 48.203554 | AA63: 60.149369 | AB63: 21.289689 | AC63: 44.201271 | AD63: 421.58346 | AE63: 149.3539 | AF63: 165.88166 | AG63: 30.484148 | AH63: 9.9132368 | AI63: 25.304984 | AJ63: 177.81773 | AK63: 52.756935 | AL63: 85.831971

Sheet P4
B1: Marker | C1: LeftMallet1 | I1: LeftMallet2 | O1: LeftMallet3 | U1: RightMallet1 | AA1: RightMallet2 | AG1: RightMallet3
B2: Axis | C2: X | D2: Y | E2: Z | F2: X' | G2: Y' | H2: Z' | I2: X | J2: Y | K2: Z | L2: X' | M2: Y' | N2: Z' | O2: X | P2: Y | Q2: Z | R2: X' | S2: Y' | T2: Z' | U2: X | V2: Y | W2: Z | X2: X' | Y2: Y' | Z2: Z' | AA2: X | AB2: Y | AC2: Z | AD2: X' | AE2: Y' | AF2: Z' | AG2: X | AH2: Y | AI2: Z | AJ2: X' | AK2: Y' | AL2: Z'
A3: Trial | B3: Stats
A4: CON01 | B4: AVG | C4: 1253.763 | D4: 986.50322 | E4: 1018.7847 | F4: 79.412917 | G4: 36.444095 | H4: 51.612831 | I4: 1323.7462 | J4: 1141.5991 | K4: 1242.5522 | L4: 677.10891 | M4: 239.25107 | N4: 115.15805 | O4: 1257.2784 | P4: 1029.3699 | Q4: 1086.3524 | R4: 194.60392 | S4: 60.292573 | T4: 49.896001 | U4: 655.11715 | V4: 936.03135 | W4: 1067.4222 | X4: 95.481924 | Y4: 45.635116 | Z4: 69.512156 | AA4: 650.55115 | AB4: 1139.2884 | AC4: 1249.1525 | AD4: 687.55041 | AE4: 246.39321 | AF4: 165.43799 | AG4: 675.25321 | AH4: 995.75325 | AI4: 1110.5991 | AJ4: 203.42727 | AK4: 56.668282 | AL4: 96.586026
B5: SD | C5: 10.606576 | D5: 7.8561093 | E5: 5.8263183 | F5: 56.186741 | G5: 31.789976 | H5: 40.035527 | I5: 68.087087 | J5: 30.025892 | K5: 12.268846 | L5: 613.38139 | M5: 175.30818 | N5: 87.001752 | O5: 21.387077 | P5: 8.7889113 | Q5: 7.3554557 | R5: 162.32361 | S5: 46.131756 | T5: 32.367746 | U5: 13.99472 | V5: 8.7948698 | W5: 12.112744 | X5: 69.56375 | Y5: 31.22043 | Z5: 52.340537 | AA5: 72.833181 | AB5: 32.871276 | AC5: 28.0786 | AD5: 609.5265 | AE5: 218.31122 | AF5: 131.87521 | AG5: 23.204686 | AH5: 9.8638459 | AI5: 17.158711 | AJ5: 170.8914 | AK5: 40.464232 | AL5: 75.361416
A6: CON02 | B6: AVG | C6: 1253.9111 | D6: 1003.2984 | E6: 1005.8274 | F6: 100.46122 | G6: 29.118814 | H6: 54.298202 | I6: 1337.1265 | J6: 1167.1896 | K6: 1221.76 | L6: 724.26599 | M6: 217.2121 | N6: 142.35195 | O6: 1260.0876 | P6: 1053.6911 | Q6: 1072.3041 | R6: 239.75489 | S6: 45.324125 | T6: 60.828645 | U6: 662.82095 | V6: 921.06194 | W6: 1063.4155 | X6: 99.401272 | Y6: 40.099923 | Z6: 68.526588 | AA6: 646.96274 | AB6: 1118.1744 | AC6: 1245.7922 | AD6: 679.63046 | AE6: 237.49242 | AF6: 163.10059 | AG6: 680.04157 | AH6: 976.04932 | AI6: 1107.1916 | AJ6: 210.50117 | AK6: 51.589128 | AL6: 98.690774
B7: SD | C7: 13.778179 | D7: 4.8355639 | E7: 7.5918949 | F7: 75.919095 | G7: 21.055702 | H7: 34.946232 | I7: 74.981454 | J7: 28.099248 | K7: 14.419794 | L7: 684.87726 | M7: 185.50322 | N7: 117.09726 | O7: 27.466104 | P7: 6.4493364 | Q7: 9.6261476 | R7: 196.12031 | S7: 37.252696 | T7: 38.693952 | U7: 13.289245 | V7: 9.2099817 | W7: 10.984453 | X7: 71.379529 | Y7: 28.999876 | Z7: 48.446931 | AA7: 75.993458 | AB7: 30.496534 | AC7: 27.600249 | AD7: 621.79107 | AE7: 211.86873 | AF7: 127.15545 | AG7: 25.131704 | AH7: 9.1832077 | AI7: 17.214288 | AJ7: 175.01354 | AK7: 32.411134 | AL7: 76.854272
A8: CON03 | B8: AVG | C8: 1255.2718 | D8: 988.11713 | E8: 1008.9986 | F8: 88.934393 | G8: 48.364327 | H8: 48.206196 | I8: 1326.7017 | J8: 1147.1492 | K8: 1236.2156 | L8: 660.08712 | M8: 216.68428 | N8: 122.78369 | O8: 1259.7484 | P8: 1034.2238 | Q8: 1078.4461 | R8: 198.26014 | S8: 56.802182 | T8: 50.697536 | U8: 664.89178 | V8: 932.31162 | W8: 1056.9414 | X8: 94.113473 | Y8: 47.752617 | Z8: 67.455728 | AA8: 656.23843 | AB8: 1126.1214 | AC8: 1251.0847 | AD8: 659.20199 | AE8: 218.32924 | AF8: 154.65141 | AG8: 683.00148 | AH8: 986.7838 | AI8: 1106.752 | AJ8: 210.24274 | AK8: 57.265992 | AL8: 95.783965
B9: SD | C9: 10.486069 | D9: 7.5631298 | E9: 7.6762436 | F9: 66.066495 | G9: 34.444651 | H9: 38.823951 | I9: 60.807674 | J9: 23.560288 | K9: 13.151884 | L9: 654.56954 | M9: 181.70582 | N9: 110.80517 | O9: 19.655649 | P9: 6.7578214 | Q9: 9.4069114 | R9: 182.87538 | S9: 47.99057 | T9: 37.09612 | U9: 13.090751 | V9: 9.0832895 | W9: 11.647512 | X9: 72.633332 | Y9: 32.76169 | Z9: 50.231646 | AA9: 72.39706 | AB9: 28.645763 | AC9: 24.528045 | AD9: 604.54154 | AE9: 192.63146 | AF9: 122.21563 | AG9: 24.426454 | AH9: 9.7750111 | AI9: 16.45097 | AJ9: 177.41016 | AK9: 37.570582 | AL9: 77.544377
A10: CON04 | B10: AVG | C10: 1256.6976 | D10: 987.82593 | E10: 1012.7205 | F10: 88.450485 | G10: 37.814108 | H10: 52.873553 | I10: 1341.3842 | J10: 1139.3618 | K10: 1241.0712 | L10: 674.32688 | M10: 230.34814 | N10: 122.3622 | O10: 1264.3153 | P10: 1037.1068 | Q10: 1082.6037 | R10: 217.51416 | S10: 56.393581 | T10: 52.534684 | U10: 666.76464 | V10: 928.71859 | W10: 1063.5349 | X10: 91.136949 | Y10: 43.571758 | Z10: 64.912885 | AA10: 660.72736 | AB10: 1126.5756 | AC10: 1254.0884 | AD10: 643.30798 | AE10: 221.17792 | AF10: 156.86932 | AG10: 685.29102 | AH10: 986.43027 | AI10: 1110.4799 | AJ10: 203.13439 | AK10: 54.999711 | AL10: 90.143372
B11: SD | C11: 10.70596 | D11: 6.7866539 | E11: 6.7033379 | F11: 67.409263 | G11: 28.889471 | H11: 41.358498 | I11: 70.746125 | J11: 29.431786 | K11: 13.871966 | L11: 639.39721 | M11: 175.55541 | N11: 97.721423 | O11: 24.749879 | P11: 8.1885812 | Q11: 9.0379872 | R11: 175.21966 | S11: 42.494678 | T11: 36.626593 | U11: 12.178049 | V11: 7.3450105 | W11: 9.2387749 | X11: 71.903108 | Y11: 30.992423 | Z11: 46.855192 | AA11: 72.255625 | AB11: 29.193395 | AC11: 23.985881 | AD11: 589.03322 | AE11: 198.51583 | AF11: 122.54793 | AG11: 23.738289 | AH11: 7.8187328 | AI11: 14.432404 | AJ11: 165.37873 | AK11: 35.838662 | AL11: 73.235785
A12: CON05 | B12: AVG | C12: 1258.8716 | D12: 992.80708 | E12: 1013.9827 | F12: 88.936258 | G12: 38.785835 | H12: 51.393755 | I12: 1346.8027 | J12: 1144.2819 | K12: 1236.8379 | L12: 730.13297 | M12: 265.77962 | N12: 134.69796 | O12: 1266.8278 | P12: 1041.0625 | Q12: 1082.0243 | R12: 237.93697 | S12: 65.175925 | T12: 53.323781 | U12: 665.87853 | V12: 930.21805 | W12: 1060.2693 | X12: 91.732339 | Y12: 43.68009 | Z12: 61.723882 | AA12: 649.11024 | AB12: 1124.3006 | AC12: 1247.3506 | AD12: 707.86217 | AE12: 245.04411 | AF12: 141.79013 | AG12: 682.64156 | AH12: 985.42555 | AI12: 1107.1967 | AJ12: 217.06337 | AK12: 55.978514 | AL12: 88.364585
B13: SD | C13: 12.299834 | D13: 6.4684089 | E13: 7.0793252 | F13: 73.385221 | G13: 31.374363 | H13: 38.609094 | I13: 74.203598 | J13: 32.336196 | K13: 15.342763 | L13: 686.92642 | M13: 210.47171 | N13: 108.49846 | O13: 25.831378 | P13: 8.1167411 | Q13: 9.4285068 | R13: 197.10257 | S13: 52.24874 | T13: 36.143587 | U13: 12.517197 | V13: 8.7101179 | W13: 10.145276 | X13: 72.35479 | Y13: 30.678653 | Z13: 50.016522 | AA13: 80.518301 | AB13: 32.279487 | AC13: 22.25424 | AD13: 642.59161 | AE13: 217.71402 | AF13: 115.24149 | AG13: 25.341659 | AH13: 9.6478596 | AI13: 14.566241 | AJ13: 178.59195 | AK13: 37.522851 | AL13: 67.214596
A14: CON06 | B14: AVG | C14: 1258.0359 | D14: 994.99213 | E14: 1012.039 | F14: 91.061835 | G14: 37.236539 | H14: 57.299871 | I14: 1348.0972 | J14: 1146.23 | K14: 1233.091 | L14: 742.66773 | M14: 258.72693 | N14: 152.11415 | O14: 1266.4361 | P14: 1042.8678 | Q14: 1079.7935 | R14: 239.80611 | S14: 58.475684 | T14: 56.763071 | U14: 665.66552 | V14: 928.96171 | W14: 1060.6235 | X14: 94.41798 | Y14: 49.415209 | Z14: 68.522991 | AA14: 646.2576 | AB14: 1121.8851 | AC14: 1248.261 | AD14: 700.9984 | AE14: 247.10662 | AF14: 151.68912 | AG14: 681.57399 | AH14: 984.01515 | AI14: 1107.0398 | AJ14: 219.34676 | AK14: 56.222758 | AL14: 98.092607
B15: SD | C15: 11.624176 | D15: 6.5841874 | E15: 7.8101319 | F15: 70.059043 | G15: 28.557648 | H15: 40.326764 | I15: 76.612298 | J15: 33.00979 | K15: 15.045738 | L15: 695.60293 | M15: 209.51645 | N15: 122.22796 | O15: 26.739862 | P15: 8.52747 | Q15: 9.5270707 | R15: 199.62903 | S15: 49.724983 | T15: 39.925001 | U15: 12.900355 | V15: 10.703573 | W15: 10.055475 | X15: 74.099885 | Y15: 35.212697 | Z15: 49.5308 | AA15: 78.776813 | AB15: 31.892174 | AC15: 24.12922 | AD15: 651.18412 | AE15: 219.40982 | AF15: 129.08114 | AG15: 25.622279 | AH15: 10.188503 | AI15: 15.930303 | AJ15: 179.91821 | AK15: 37.539214 | AL15: 78.121645
A16: CON07 | B16: AVG | C16: 1254.9871 | D16: 999.65833 | E16: 1014.4487 | F16: 84.91054 | G16: 31.573189 | H16: 51.342301 | I16: 1341.0283 | J16: 1148.5772 | K16: 1239.5031 | L16: 723.42488 | M16: 243.32868 | N16: 134.73685 | O16: 1262.0843 | P16: 1046.344 | Q16: 1083.3484 | R16: 239.93403 | S16: 56.692437 | T16: 49.999408 | U16: 666.49909 | V16: 927.6755 | W16: 1061.9731 | X16: 89.693256 | Y16: 39.076312 | Z16: 63.280333 | AA16: 645.98207 | AB16: 1119.3654 | AC16: 1250.3242 | AD16: 680.82836 | AE16: 235.83979 | AF16: 142.03144 | AG16: 682.18707 | AH16: 981.78663 | AI16: 1108.2044 | AJ16: 212.11584 | AK16: 53.975212 | AL16: 91.934199
B17: SD | C17: 10.856067 | D17: 5.3614877 | E17: 7.2602518 | F17: 64.695133 | G17: 23.979153 | H17: 36.315313 | I17: 74.439333 | J17: 31.002489 | K17: 17.607388 | L17: 673.52056 | M17: 203.42732 | N17: 105.82597 | O17: 26.198472 | P17: 7.8819035 | Q17: 8.7388621 | R17: 193.56573 | S17: 49.102625 | T17: 36.334621 | U17: 12.294665 | V17: 7.359264 | W17: 10.258603 | X17: 67.883064 | Y17: 30.317813 | Z17: 45.546523 | AA17: 76.749385 | AB17: 32.152183 | AC17: 24.246174 | AD17: 632.13133 | AE17: 210.05625 | AF17: 110.62426 | AG17: 24.930871 | AH17: 8.6328817 | AI17: 15.884722 | AJ17: 180.3111 | AK17: 33.846346 | AL17: 67.970847
A18: CON08 | B18: AVG | C18: 1257.5267 | D18: 999.89053 | E18: 1010.6866 | F18: 97.331886 | G18: 37.088977 | H18: 54.764595 | I18: 1325.3473 | J18: 1163.0581 | K18: 1233.7552 | L18: 688.12834 | M18: 210.97847 | N18: 124.82829 | O18: 1258.8708 | P18: 1050.412 | Q18: 1077.643 | R18: 225.95498 | S18: 49.730728 | T18: 63.157655 | U18: 661.46071 | V18: 923.93961 | W18: 1059.1921 | X18: 98.646509 | Y18: 42.113161 | Z18: 62.039319 | AA18: 644.73107 | AB18: 1125.7582 | AC18: 1238.9861 | AD18: 671.82156 | AE18: 223.69219 | AF18: 151.31353 | AG18: 678.2092 | AH18: 980.56537 | AI18: 1102.6626 | AJ18: 214.85486 | AK18: 52.874392 | AL18: 91.245131
B19: SD | C19: 13.133834 | D19: 5.520343 | E19: 7.2188969 | F19: 73.087388 | G19: 25.227158 | H19: 39.228326 | I19: 70.204123 | J19: 26.4352 | K19: 13.498296 | L19: 650.48624 | M19: 179.02033 | N19: 94.675214 | O19: 24.483814 | P19: 6.6500303 | Q19: 9.7275781 | R19: 184.16031 | S19: 40.713457 | T19: 41.948497 | U19: 12.997483 | V19: 8.8740489 | W19: 9.5490967 | X19: 72.847904 | Y19: 29.071036 | Z19: 45.104799 | AA19: 75.113222 | AB19: 29.997392 | AC19: 23.588776 | AD19: 622.63146 | AE19: 199.52835 | AF19: 119.02773 | AG19: 24.915176 | AH19: 10.29652 | AI19: 14.798241 | AJ19: 176.16045 | AK19: 36.485865 | AL19: 71.064148
A20: CON09 | B20: AVG | C20: 1255.6156 | D20: 1007.9108 | E20: 1010.2196 | F20: 88.025071 | G20: 30.773648 | H20: 54.03247 | I20: 1332.0036 | J20: 1168.6057 | K20: 1232.2041 | L20: 682.35232 | M20: 206.22203 | N20: 112.80641 | O20: 1259.5452 | P20: 1057.6532 | Q20: 1077.5698 | R20: 221.34865 | S20: 44.463331 | T20: 62.150738 | U20: 665.34486 | V20: 930.42812 | W20: 1061.6165 | X20: 90.430875 | Y20: 39.713055 | Z20: 60.431718 | AA20: 659.79669 | AB20: 1130.9726 | AC20: 1245.3936 | AD20: 609.866 | AE20: 184.81808 | AF20: 148.72609 | AG20: 685.02642 | AH20: 985.91955 | AI20: 1105.279 | AJ20: 191.36481 | AK20: 44.701596 | AL20: 89.607308
B21: SD | C21: 11.77714 | D21: 5.676584 | E21: 8.1446531 | F21: 67.015958 | G21: 23.654712 | H21: 37.33181 | I21: 71.159208 | J21: 26.514146 | K21: 13.783772 | L21: 638.37397 | M21: 175.47667 | N21: 82.443501 | O21: 25.020535 | P21: 6.3399818 | Q21: 10.580079 | R21: 183.52348 | S21: 38.210935 | T21: 40.792943 | U21: 11.890618 | V21: 8.0937157 | W21: 9.629016 | X21: 70.292812 | Y21: 28.619585 | Z21: 45.97119 | AA21: 69.407457 | AB21: 24.970616 | AC21: 23.920904 | AD21: 563.67208 | AE21: 166.74644 | AF21: 111.49856 | AG21: 22.814897 | AH21: 8.7060379 | AI21: 14.60195 | AJ21: 159.91611 | AK21: 31.140293 | AL21: 69.502743
A22: CON10 | B22: AVG | C22: 1255.627 | D22: 1002.9855 | E22: 1006.6342 | F22: 95.94482 | G22: 30.411542 | H22: 55.447427 | I22: 1339.6237 | J22: 1165.7321 | K22: 1222.6416 | L22: 726.69875 | M22: 231.78245 | N22: 148.79409 | O22: 1261.9412 | P22: 1053.1124 | Q22: 1072.8611 | R22: 235.65584 | S22: 48.695101 | T22: 61.404935 | U22: 665.55379 | V22: 927.31811 | W22: 1062.6994 | X22: 95.636221 | Y22: 40.70486 | Z22: 63.822413 | AA22: 654.43944 | AB22: 1125.2445 | AC22: 1244.6888 | AD22: 666.96165 | AE22: 229.80668 | AF22: 152.60853 | AG22: 683.96974 | AH22: 982.11274 | AI22: 1106.2677 | AJ22: 206.32673 | AK22: 52.12108 | AL22: 94.644431
B23: SD | C23: 12.640328 | D23: 4.6391994 | E23: 7.7458717 | F23: 75.312502 | G23: 22.204662 | H23: 37.311632 | I23: 72.129236 | J23: 30.004749 | K23: 15.547854 | L23: 707.71338 | M23: 205.16431 | N23: 117.8094 | O23: 25.482551 | P23: 6.3419415 | Q23: 10.187541 | R23: 204.01226 | S23: 43.426099 | T23: 42.565735 | U23: 12.076919 | V23: 8.767832 | W23: 9.3456688 | X23: 74.456324 | Y23: 31.081691 | Z23: 47.443471 | AA23: 75.484857 | AB23: 30.276723 | AC23: 25.161828 | AD23: 630.06611 | AE23: 208.50593 | AF23: 123.73454 | AG23: 23.853463 | AH23: 9.728417 | AI23: 15.238318 | AJ23: 176.48527 | AK23: 32.019437 | AL23: 75.155712
A24: CTL01 | B24: AVG | C24: 1274.3123 | D24: 966.36229 | E24: 1011.6282 | F24: 83.20702 | G24: 36.894731 | H24: 54.07641 | I24: 1342.829 | J24: 1126.4438 | K24: 1238.1911 | L24: 657.77071 | M24: 225.28121 | N24: 108.19898 | O24: 1278.626 | P24: 1010.957 | Q24: 1082.7919 | R24: 194.75049 | S24: 59.418657 | T24: 51.884668 | U24: 674.83899 | V24: 933.51243 | W24: 1054.2808 | X24: 96.677256 | Y24: 49.858626 | Z24: 73.420077 | AA24: 667.96747 | AB24: 1135.1516 | AC24: 1235.5491 | AD24: 691.16133 | AE24: 220.78538 | AF24: 167.49738 | AG24: 694.30781 | AH24: 989.97652 | AI24: 1098.6906 | AJ24: 205.97231 | AK24: 58.244674 | AL24: 102.74705
B25: SD | C25: 11.682954 | D25: 6.3040743 | E25: 7.2584088 | F25: 63.997535 | G25: 31.801964 | H25: 42.043764 | I25: 67.657996 | J25: 28.744911 | K25: 13.186893 | L25: 613.29936 | M25: 169.72357 | N25: 87.637781 | O25: 21.75186 | P25: 8.0190051 | Q25: 9.253432 | R25: 163.2387 | S25: 44.876265 | T25: 36.856501 | U25: 14.000508 | V25: 9.8948113 | W25: 11.206171 | X25: 78.879632 | Y25: 36.749138 | Z25: 50.660583 | AA25: 75.618884 | AB25: 28.489374 | AC25: 26.051038 | AD25: 606.3878 | AE25: 193.04198 | AF25: 141.66497 | AG25: 23.92425 | AH25: 10.876068 | AI25: 16.518484 | AJ25: 169.0348 | AK25: 45.196889 | AL25: 81.500726
A26: CTL02 | B26: AVG | C26: 1272.2548 | D26: 978.24889 | E26: 1019.437 | F26: 78.059061 | G26: 32.550426 | H26: 51.672321 | I26: 1341.4317 | J26: 1134.6855 | K26: 1248.9321 | L26: 643.42963 | M26: 225.49261 | N26: 110.4362 | O26: 1276.6598 | P26: 1021.678 | Q26: 1091.1921 | R26: 201.02646 | S26: 59.395405 | T26: 52.65876 | U26: 679.33981 | V26: 941.92628 | W26: 1057.5567 | X26: 101.61725 | Y26: 40.042006 | Z26: 76.919328 | AA26: 667.48695 | AB26: 1136.7225 | AC26: 1244.5569 | AD26: 688.77981 | AE26: 199.8047 | AF26: 165.28869 | AG26: 697.88359 | AH26: 995.67468 | AI26: 1103.4789 | AJ26: 214.53955 | AK26: 45.810753 | AL26: 105.43212
B27: SD | C27: 10.403278 | D27: 6.4268162 | E27: 8.7356682 | F27: 59.729444 | G27: 25.761935 | H27: 39.148091 | I27: 65.589394 | J27: 28.200613 | K27: 14.942265 | L27: 599.2176 | M27: 171.89158 | N27: 79.054172 | O27: 21.827994 | P27: 8.0083454 | Q27: 10.535189 | R27: 170.30474 | S27: 46.239089 | T27: 35.892335 | U27: 14.42498 | V27: 8.800646 | W27: 12.860001 | X27: 74.244009 | Y27: 28.776618 | Z27: 52.717061 | AA27: 76.141735 | AB27: 27.597127 | AC27: 26.5317 | AD27: 608.43619 | AE27: 174.01421 | AF27: 129.32207 | AG27: 25.814818 | AH27: 9.7474076 | AI27: 17.898131 | AJ27: 176.24914 | AK27: 35.856589 | AL27: 82.181694
A28: CTL03 | B28: AVG | C28: 1270.613 | D28: 986.88874 | E28: 1016.2364 | F28: 87.017202 | G28: 34.688882 | H28: 52.715448 | I28: 1341.7217 | J28: 1142.2277 | K28: 1243.6708 | L28: 667.74742 | M28: 203.58396 | N28: 123.26086 | O28: 1275.5723 | P28: 1029.6519 | Q28: 1087.3419 | R28: 208.10237 | S28: 53.357702 | T28: 52.132312 | U28: 676.17116 | V28: 945.41608 | W28: 1060.2931 | X28: 91.923639 | Y28: 47.117855 | Z28: 63.726086 | AA28: 670.9878 | AB28: 1144.3562 | AC28: 1243.5375 | AD28: 627.85681 | AE28: 194.37955 | AF28: 150.68686 | AG28: 696.25958 | AH28: 999.89517 | AI28: 1103.9482 | AJ28: 192.38669 | AK28: 52.525934 | AL28: 90.926364
B29: SD | C29: 10.773913 | D29: 6.226076 | E29: 6.8148183 | F29: 63.911458 | G29: 24.56249 | H29: 36.532301 | I29: 71.402584 | J29: 27.605238 | K29: 12.790085 | L29: 594.97793 | M29: 165.77464 | N29: 100.4473 | O29: 24.131867 | P29: 7.7301734 | Q29: 8.1796712 | R29: 169.39424 | S29: 40.895311 | T29: 34.923982 | U29: 13.070185 | V29: 9.4742944 | W29: 10.795349 | X29: 79.229413 | Y29: 34.887246 | Z29: 57.333778 | AA29: 72.080913 | AB29: 26.829512 | AC29: 24.571866 | AD29: 622.28078 | AE29: 174.49015 | AF29: 127.95994 | AG29: 23.785207 | AH29: 10.285605 | AI29: 15.742906 | AJ29: 177.30722 | AK29: 42.747148 | AL29: 81.334946
A30: CTL04 | B30: AVG | C30: 1271.8241 | D30: 990.78671 | E30: 1013.3731 | F30: 81.579193 | G30: 28.534398 | H30: 48.21305 | I30: 1350.6852 | J30: 1147.1906 | K30: 1236.605 | L30: 662.25253 | M30: 202.03904 | N30: 116.37754 | O30: 1279.0271 | P30: 1033.3527 | Q30: 1083.1355 | R30: 214.39434 | S30: 46.940593 | T30: 46.12766 | U30: 680.39964 | V30: 947.7759 | W30: 1064.0862 | X30: 93.388712 | Y30: 46.376608 | Z30: 70.410824 | AA30: 673.49744 | AB30: 1147.0754 | AC30: 1246.4142 | AD30: 667.3514 | AE30: 195.43586 | AF30: 145.92559 | AG30: 700.15963 | AH30: 1002.5203 | AI30: 1107.1923 | AJ30: 204.92621 | AK30: 52.58596 | AL30: 95.320729
B31: SD | C31: 10.544395 | D31: 5.0613229 | E31: 7.6488233 | F31: 61.988827 | G31: 22.074964 | H31: 34.760845 | I31: 70.232057 | J31: 28.14501 | K31: 13.437151 | L31: 629.347 | M31: 171.56012 | N31: 105.58652 | O31: 24.682839 | P31: 6.946413 | Q31: 8.8499925 | R31: 179.37874 | S31: 41.42123 | T31: 31.084422 | U31: 12.737726 | V31: 9.8844547 | W31: 11.897241 | X31: 72.467162 | Y31: 35.44992 | Z31: 53.734491 | AA31: 72.354505 | AB31: 25.976281 | AC31: 24.279013 | AD31: 617.14725 | AE31: 170.52006 | AF31: 124.66413 | AG31: 23.082664 | AH31: 10.821513 | AI31: 16.032793 | AJ31: 174.63669 | AK31: 39.734565 | AL31: 76.295749
A32: CTL05 | B32: AVG | C32: 1278.586 | D32: 980.27064 | E32: 1006.5464 | F32: 98.099496 | G32: 37.214854 | H32: 55.612859 | I32: 1367.394 | J32: 1139.2331 | K32: 1221.224 | L32: 734.43917 | M32: 255.44365 | N32: 147.45753 | O32: 1288.7653 | P32: 1024.1254 | Q32: 1074.4656 | R32: 234.67112 | S32: 60.328672 | T32: 54.091984 | U32: 677.1843 | V32: 932.54099 | W32: 1063.702 | X32: 116.40008 | Y32: 46.945819 | Z32: 75.800959 | AA32: 654.94693 | AB32: 1124.7852 | AC32: 1245.0167 | AD32: 759.48975 | AE32: 275.08657 | AF32: 181.33561 | AG32: 692.78935 | AH32: 986.61106 | AI32: 1107.3804 | AJ32: 242.3701 | AK32: 59.034 | AL32: 109.32018
B33: SD | C33: 13.6515 | D33: 5.6640666 | E33: 7.4741237 | F33: 72.49934 | G33: 27.427994 | H33: 39.174857 | I33: 75.848832 | J33: 31.910964 | K33: 14.859111 | L33: 691.30865 | M33: 212.3404 | N33: 115.32991 | O33: 26.267389 | P33: 7.858537 | Q33: 9.0405553 | R33: 195.97608 | S33: 49.366268 | T33: 41.895464 | U33: 16.410659 | V33: 9.3661593 | W33: 11.483735 | X33: 87.429258 | Y33: 33.72134 | Z33: 56.63766 | AA33: 85.54034 | AB33: 35.414388 | AC33: 27.036035 | AD33: 689.85865 | AE33: 260.63304 | AF33: 140.61601 | AG33: 29.127081 | AH33: 9.662126 | AI33: 17.43436 | AJ33: 199.81042 | AK33: 42.066854 | AL33: 85.970345
A34: CTL06 | B34: AVG | C34: 1278.387 | D34: 986.11653 | E34: 1010.2184 | F34: 92.451273 | G34: 34.799448 | H34: 49.512591 | I34: 1361.307 | J34: 1143.3297 | K34: 1229.283 | L34: 696.98913 | M34: 210.12012 | N34: 141.40124 | O34: 1286.6975 | P34: 1028.4565 | Q34: 1078.7925 | R34: 225.73602 | S34: 49.198885 | T34: 51.603626 | U34: 677.97168 | V34: 937.28493 | W34: 1066.5255 | X34: 104.41412 | Y34: 50.817544 | Z34: 74.25587 | AA34: 671.43015 | AB34: 1131.152 | AC34: 1251.0729 | AD34: 688.22075 | AE34: 209.51818 | AF34: 176.72966 | AG34: 697.69046 | AH34: 990.65279 | AI34: 1109.7872 | AJ34: 218.804 | AK34: 53.318048 | AL34: 109.54111
B35: SD | C35: 11.915328 | D35: 5.8702504 | E35: 7.1606105 | F35: 72.843102 | G35: 25.893912 | H35: 35.561419 | I35: 72.255169 | J35: 26.611737 | K35: 16.763271 | L35: 678.99893 | M35: 178.47728 | N35: 125.532 | O35: 24.679829 | P35: 7.1931462 | Q35: 8.8806244 | R35: 195.70566 | S35: 43.087331 | T35: 34.51345 | U35: 13.971788 | V35: 10.609604 | W35: 12.447385 | X35: 83.215987 | Y35: 33.820006 | Z35: 60.99398 | AA35: 78.778938 | AB35: 27.580198 | AC35: 28.190645 | AD35: 628.76714 | AE35: 182.36982 | AF35: 132.67387 | AG35: 26.012282 | AH35: 10.60679 | AI35: 18.537356 | AJ35: 179.13156 | AK35: 37.690581 | AL35: 84.360472
A36: CTL07 | B36: AVG | C36: 1280.5825 | D36: 982.69051 | E36: 1011.1527 | F36: 86.610507 | G36: 34.312711 | H36: 52.42134 | I36: 1364.7812 | J36: 1139.2553 | K36: 1228.9567 | L36: 697.26192 | M36: 233.40167 | N36: 147.4416 | O36: 1289.0852 | P36: 1024.876 | Q36: 1079.0104 | R36: 221.63219 | S36: 53.133877 | T36: 56.83101 | U36: 685.55663 | V36: 938.31195 | W36: 1067.0963 | X36: 99.258442 | Y36: 43.777435 | Z36: 68.417074 | AA36: 677.33824 | AB36: 1127.4749 | AC36: 1255.7304 | AD36: 684.22566 | AE36: 221.34566 | AF36: 157.00235 | AG36: 705.05332 | AH36: 990.28607 | AI36: 1112.0451 | AJ36: 214.39548 | AK36: 50.868098 | AL36: 103.36665
B37: SD | C37: 11.880947 | D37: 6.3908049 | E37: 7.2485445 | F37: 70.059989 | G37: 25.791506 | H37: 37.079648 | I37: 71.369227 | J37: 30.004698 | K37: 15.815248 | L37: 672.95024 | M37: 189.26974 | N37: 122.84505 | O37: 23.827486 | P37: 7.3536793 | Q37: 8.946923 | R37: 190.91464 | S37: 43.930873 | T37: 37.270904 | U37: 13.758749 | V37: 8.7574031 | W37: 10.11771 | X37: 78.993975 | Y37: 31.560185 | Z37: 48.655519 | AA37: 79.239216 | AB37: 29.357324 | AC37: 25.437122 | AD37: 626.26719 | AE37: 202.53163 | AF37: 128.29861 | AG37: 25.75883 | AH37: 9.1691798 | AI37: 16.661221 | AJ37: 183.05203 | AK37: 35.4546 | AL37: 78.445547
A38: CTL08 | B38: AVG | C38: 1278.3442 | D38: 985.78046 | E38: 1007.5481 | F38: 89.475644 | G38: 30.739388 | H38: 55.911852 | I38: 1361.2037 | J38: 1138.5418 | K38: 1230.3906 | L38: 681.86913 | M38: 219.22411 | N38: 138.90697 | O38: 1286.5634 | P38: 1026.7058 | Q38: 1077.2165 | R38: 220.86851 | S38: 51.681787 | T38: 60.591339 | U38: 682.87092 | V38: 935.26815 | W38: 1070.3306 | X38: 104.84777 | Y38: 44.0922 | Z38: 73.808163 | AA38: 674.06043 | AB38: 1119.6646 | AC38: 1261.4597 | AD38: 700.06309 | AE38: 237.953 | AF38: 166.2579 | AG38: 702.24357 | AH38: 986.21142 | AI38: 1115.4415 | AJ38: 226.04874 | AK38: 55.882821 | AL38: 109.65243
B39: SD | C39: 12.459443 | D39: 7.0218795 | E39: 7.8165842 | F39: 68.369087 | G39: 24.110621 | H39: 40.099666 | I39: 71.601836 | J39: 30.938256 | K39: 15.054172 | L39: 653.83751 | M39: 173.67222 | N39: 104.83393 | O39: 25.401338 | P39: 9.3530786 | Q39: 9.5714678 | R39: 188.72988 | S39: 42.589595 | T39: 37.00928 | U39: 14.661926 | V39: 10.260192 | W39: 11.251654 | X39: 79.604339 | Y39: 36.947765 | Z39: 54.46032 | AA39: 81.348361 | AB39: 32.093238 | AC39: 28.45912 | AD39: 624.6545 | AE39: 211.41569 | AF39: 136.93161 | AG39: 26.877579 | AH39: 10.708236 | AI39: 18.149574 | AJ39: 184.7161 | AK39: 41.598147 | AL39: 87.146166
A40: CTL09 | B40: AVG | C40: 1275.1854 | D40: 987.59731 | E40: 1004.9035 | F40: 93.395583 | G40: 35.014821 | H40: 50.319148 | I40: 1344.5014 | J40: 1148.0684 | K40: 1228.6439 | L40: 673.34891 | M40: 180.04808 | N40: 134.92192 | O40: 1279.3584 | P40: 1029.9836 | Q40: 1074.0762 | R40: 211.08782 | S40: 42.326583 | T40: 53.937726 | U40: 682.62645 | V40: 927.81616 | W40: 1065.79 | X40: 97.704351 | Y40: 45.944678 | Z40: 65.430394 | AA40: 670.96248 | AB40: 1116.867 | AC40: 1252.4492 | AD40: 703.97618 | AE40: 232.1388 | AF40: 161.59709 | AG40: 701.47518 | AH40: 979.93287 | AI40: 1110.1542 | AJ40: 214.75344 | AK40: 52.495344 | AL40: 98.168908
B41: SD | C41: 12.298406 | D41: 5.9439746 | E41: 6.8620747 | F41: 72.398249 | G41: 28.877339 | H41: 35.091418 | I41: 64.601778 | J41: 23.196389 | K41: 13.097267 | L41: 644.45765 | M41: 157.27211 | N41: 104.29053 | O41: 22.074295 | P41: 5.8606691 | Q41: 8.5403842 | R41: 184.64893 | S41: 37.027224 | T41: 32.092854 | U41: 13.600449 | V41: 9.4473307 | W41: 9.8230766 | X41: 75.134686 | Y41: 33.473388 | Z41: 55.223374 | AA41: 80.954639 | AB41: 30.290597 | AC41: 24.951148 | AD41: 640.93258 | AE41: 201.37891 | AF41: 122.62855 | AG41: 25.491877 | AH41: 9.6463006 | AI41: 15.872816 | AJ41: 180.04166 | AK41: 36.101322 | AL41: 74.241369
A42: CTL10 | B42: AVG | C42: 1271.7113 | D42: 993.54237 | E42: 1007.5678 | F42: 87.220009 | G42: 34.333676 | H42: 53.164075 | I42: 1352.8907 | J42: 1147.3038 | K42: 1230.9706 | L42: 672.06502 | M42: 202.43751 | N42: 128.82003 | O42: 1279.7302 | P42: 1034.2511 | Q42: 1077.5211 | R42: 215.92956 | S42: 46.43312 | T42: 57.569684 | U42: 680.85626 | V42: 922.71028 | W42: 1067.3016 | X42: 100.24134 | Y42: 47.252972 | Z42: 72.903574 | AA42: 672.35671 | AB42: 1116.9967 | AC42: 1251.5246 | AD42: 642.37473 | AE42: 225.62565 | AF42: 172.47368 | AG42: 700.0746 | AH42: 976.62522 | AI42: 1110.1018 | AJ42: 199.78422 | AK42: 51.425198 | AL42: 104.25905
B43: SD | C43: 11.337658 | D43: 5.6067209 | E43: 7.022709 | F43: 68.71724 | G43: 23.489542 | H43: 36.26506 | I43: 67.907768 | J43: 26.089167 | K43: 13.117076 | L43: 635.30844 | M43: 158.52955 | N43: 92.014423 | O43: 23.595892 | P43: 6.0268601 | Q43: 8.9541436 | R43: 177.00457 | S43: 36.509703 | T43: 38.069682 | U43: 13.285245 | V43: 9.0588719 | W43: 10.538287 | X43: 78.129162 | Y43: 32.943336 | Z43: 58.218982 | AA43: 73.453819 | AB43: 31.255941 | AC43: 27.750416 | AD43: 600.26119 | AE43: 204.13695 | AF43: 136.85557 | AG43: 23.388672 | AH43: 9.7293699 | AI43: 16.690386 | AJ43: 166.63236 | AK43: 37.055607 | AL43: 81.677044
A44: ISO01 | B44: AVG | C44: 1258.4933 | D44: 969.66009 | E44: 1001.4064 | F44: 99.750506 | G44: 34.651919 | H44: 51.956232 | I44: 1338.9937 | J44: 1134.8952 | K44: 1207.9497 | L44: 727.92104 | M44: 232.1046 | N44: 149.771 | O44: 1262.023 | P44: 1018.7818 | Q44: 1062.8607 | R44: 220.54369 | S44: 46.222654 | T44: 58.837901 | U44: 664.52226 | V44: 908.7527 | W44: 1061.5904 | X44: 89.254986 | Y44: 38.266968 | Z44: 58.460139 | AA44: 653.53991 | AB44: 1097.6276 | AC44: 1249.8208 | AD44: 698.07434 | AE44: 228.46228 | AF44: 145.74126 | AG44: 682.76007 | AH44: 959.77358 | AI44: 1107.8708 | AJ44: 208.90082 | AK44: 48.103026 | AL44: 89.178974
B45: SD | C45: 13.459241 | D45: 8.00197 | E45: 7.493123 | F45: 74.238921 | G45: 26.206325 | H45: 36.221958 | I45: 73.314832 | J45: 29.429396 | K45: 14.934577 | L45: 686.05219 | M45: 199.19256 | N45: 115.32154 | O45: 23.287961 | P45: 7.7154621 | Q45: 9.979685 | R45: 189.50135 | S45: 36.677507 | T45: 41.647937 | U45: 11.827386 | V45: 8.7695845 | W45: 7.9295076 | X45: 71.173757 | Y45: 27.857275 | Z45: 45.152008 | AA45: 79.354428 | AB45: 30.887114 | AC45: 23.192185 | AD45: 648.71061 | AE45: 212.96391 | AF45: 120.41721 | AG45: 23.900817 | AH45: 9.8089957 | AI45: 14.041512 | AJ45: 173.2103 | AK45: 32.217797 | AL45: 72.76945
A46: ISO02 | B46: AVG | C46: 1256.2679 | D46: 969.76545 | E46: 1004.5351 | F46: 85.40752 | G46: 27.732722 | H46: 49.026714 | I46: 1334.8504 | J46: 1138.2771 | K46: 1210.7464 | L46: 696.62036 | M46: 214.61822 | N46: 134.90568 | O46: 1259.0256 | P46: 1019.4386 | Q46: 1065.7125 | R46: 206.82816 | S46: 39.570307 | T46: 53.570874 | U46: 665.26814 | V46: 906.07556 | W46: 1062.5086 | X46: 85.50953 | Y46: 36.739219 | Z46: 58.315968 | AA46: 649.67246 | AB46: 1099.959 | AC46: 1247.1316 | AD46: 663.34914 | AE46: 217.60189 | AF46: 139.68947 | AG46: 682.38121 | AH46: 958.88179 | AI46: 1107.222 | AJ46: 196.19311 | AK46: 47.946483 | AL46: 84.922444
B47: SD | C47: 10.897533 | D47: 4.6233847 | E47: 6.8061778 | F47: 64.336416 | G47: 21.000378 | H47: 33.791448 | I47: 71.435612 | J47: 28.039464 | K47: 15.323452 | L47: 670.48014 | M47: 196.20442 | N47: 110.24961 | O47: 23.336355 | P47: 5.5289227 | Q47: 9.2995694 | R47: 185.93114 | S47: 36.439777 | T47: 39.478481 | U47: 13.657335 | V47: 7.8959599 | W47: 10.453475 | X47: 75.432649 | Y47: 27.381293 | Z47: 45.289836 | AA47: 72.857337 | AB47: 29.081192 | AC47: 24.410438 | AD47: 637.75394 | AE47: 201.18023 | AF47: 120.2246 | AG47: 22.625664 | AH47: 9.0373892 | AI47: 15.164634 | AJ47: 174.68573 | AK47: 32.924542 | AL47: 71.378158
A48: ISO03 | B48: AVG | C48: 1255.8952 | D48: 951.05027 | E48: 1006.4879 | F48: 84.789063 | G48: 34.196655 | H48: 55.715105 | I48: 1341.8635 | J48: 1102.6431 | K48: 1227.9665 | L48: 676.67986 | M48: 243.70151 | N48: 137.56894 | O48: 1264.3015 | P48: 994.42307 | Q48: 1074.1056 | R48: 204.8532 | S48: 58.334624 | T48: 58.021044 | U48: 668.10337 | V48: 909.69186 | W48: 1055.8087 | X48: 91.49712 | Y48: 43.137171 | Z48: 70.445781 | AA48: 663.69533 | AB48: 1108.515 | AC48: 1242.6549 | AD48: 663.40739 | AE48: 224.58488 | AF48: 161.11967 | AG48: 688.34801 | AH48: 962.90524 | AI48: 1104.8602 | AJ48: 201.24438 | AK48: 55.28065 | AL48: 94.589645
B49: SD | C49: 10.288629 | D49: 5.7726461 | E49: 7.8406351 | F49: 69.401161 | G49: 25.300833 | H49: 38.133851 | I49: 66.386584 | J49: 29.691799 | K49: 14.002395 | L49: 655.6852 | M49: 196.6227 | N49: 104.50112 | O49: 21.486256 | P49: 7.2927541 | Q49: 9.501303 | R49: 180.51594 | S49: 48.059732 | T49: 35.805267 | U49: 12.966561 | V49: 7.7100788 | W49: 10.583956 | X49: 69.118045 | Y49: 28.014369 | Z49: 48.622994 | AA49: 72.337111 | AB49: 28.597809 | AC49: 24.795517 | AD49: 591.83245 | AE49: 189.84765 | AF49: 124.9246 | AG49: 23.604414 | AH49: 9.0378535 | AI49: 15.159308 | AJ49: 162.15705 | AK49: 36.568791 | AL49: 72.715632
A50: ISO04 | B50: AVG | C50: 1256.9992 | D50: 954.38703 | E50: 1004.1315 | F50: 86.399258 | G50: 33.683284 | H50: 50.877526 | I50: 1344.2481 | J50: 1104.2416 | K50: 1224.88 | L50: 707.06644 | M50: 233.31217 | N50: 138.35172 | O50: 1265.6831 | P50: 996.60351 | Q50: 1071.6596 | R50: 212.27509 | S50: 56.347572 | T50: 49.662245 | U50: 665.31361 | V50: 907.8994 | W50: 1057.8699 | X50: 91.740472 | Y50: 39.013477 | Z50: 70.874982 | AA50: 647.33515 | AB50: 1098.1111 | AC50: 1250.5521 | AD50: 675.4746 | AE50: 251.05282 | AF50: 157.708 | AG50: 681.57664 | AH50: 960.20289 | AI50: 1108.8029 | AJ50: 206.15521 | AK50: 59.107753 | AL50: 98.232058
B51: SD | C51: 10.086578 | D51: 6.1684163 | E51: 7.5997298 | F51: 64.889504 | G51: 25.524235 | H51: 37.811111 | I51: 70.167245 | J51: 29.304269 | K51: 15.03804 | L51: 659.24273 | M51: 189.63008 | N51: 122.36705 | O51: 23.017504 | P51: 8.1266833 | Q51: 8.592653 | R51: 182.25681 | S51: 46.993161 | T51: 35.199139 | U51: 13.583506 | V51: 8.4964717 | W51: 11.396396 | X51: 71.490401 | Y51: 29.110084 | Z51: 48.507441 | AA51: 76.810805 | AB51: 36.873426 | AC51: 27.215216 | AD51: 604.96707 | AE51: 212.67685 | AF51: 128.48373 | AG51: 25.954935 | AH51: 11.299711 | AI51: 17.014093 | AJ51: 167.49548 | AK51: 39.713893 | AL51: 72.047381
A52: ISO05 | B52: AVG | C52: 1255.2696 | D52: 952.26701 | E52: 1005.1718 | F52: 87.933589 | G52: 33.973839 | H52: 52.875843 | I52: 1344.4358 | J52: 1106.079 | K52: 1219.9837 | L52: 696.41107 | M52: 266.12051 | N52: 131.66001 | O52: 1261.729 | P52: 999.87403 | Q52: 1068.4709 | R52: 213.339 | S52: 61.110525 | T52: 58.62491 | U52: 668.55504 | V52: 906.81935 | W52: 1053.1614 | X52: 90.17817 | Y52: 41.012365 | Z52: 74.927471 | AA52: 670.67425 | AB52: 1109.0144 | AC52: 1242.0869 | AD52: 574.56972 | AE52: 192.4103 | AF52: 165.8021 | AG52: 689.49013 | AH52: 963.01047 | AI52: 1100.6741 | AJ52: 179.02762 | AK52: 51.942315 | AL52: 99.048987
B53: SD | C53: 10.092995 | D53: 6.9456558 | E53: 7.3561539 | F53: 62.850856 | G53: 28.816949 | H53: 38.429967 | I53: 71.021886 | J53: 30.583109 | K53: 15.028565 | L53: 649.32251 | M53: 206.4281 | N53: 90.287301 | O53: 23.208422 | P53: 8.4059283 | Q53: 9.7422698 | R53: 168.89699 | S53: 48.360671 | T53: 42.029636 | U53: 14.268887 | V53: 8.6825031 | W53: 14.145673 | X53: 69.652973 | Y53: 30.254714 | Z53: 52.292419 | AA53: 62.307678 | AB53: 25.779758 | AC53: 28.183703 | AD53: 574.15772 | AE53: 175.85334 | AF53: 126.39823 | AG53: 22.174722 | AH53: 9.9251204 | AI53: 18.153662 | AJ53: 158.8402 | AK53: 35.34237 | AL53: 77.012334
A54: ISO06 | B54: AVG | C54: 1256.4685 | D54: 956.8508 | E54: 1003.459 | F54: 82.14915 | G54: 34.656421 | H54: 49.042059 | I54: 1348.6832 | J54: 1111.7465 | K54: 1215.9774 | L54: 687.08374 | M54: 246.73863 | N54: 139.63439 | O54: 1263.5094 | P54: 1003.9974 | Q54: 1066.4792 | R54: 206.07409 | S54: 52.616504 | T54: 50.717448 | U54: 669.20654 | V54: 909.4286 | W54: 1049.2315 | X54: 95.865027 | Y54: 41.269479 | Z54: 64.765932 | AA54: 664.766 | AB54: 1112.0322 | AC54: 1231.7849 | AD54: 672.59588 | AE54: 203.6192 | AF54: 151.22874 | AG54: 688.91556 | AH54: 964.87652 | AI54: 1095.1248 | AJ54: 204.98883 | AK54: 48.839868 | AL54: 90.78241
B55: SD | C55: 10.784344 | D55: 5.4983988 | E55: 7.6682729 | F55: 68.089597 | G55: 26.523904 | H55: 37.473959 | I55: 68.279651 | J55: 30.491785 | K55: 14.862534 | L55: 693.72777 | M55: 211.71625 | N55: 119.02513 | O55: 22.85519 | P55: 7.5590209 | Q55: 9.6401301 | R55: 189.88713 | S55: 46.286821 | T55: 38.08157 | U55: 12.920796 | V55: 8.115302 | W55: 9.8103053 | X55: 76.67363 | Y55: 26.86845 | Z55: 46.118675 | AA55: 71.95405 | AB55: 26.35073 | AC55: 23.541907 | AD55: 603.7833 | AE55: 180.67498 | AF55: 117.14297 | AG55: 23.230942 | AH55: 8.9900744 | AI55: 14.576949 | AJ55: 171.72224 | AK55: 32.776145 | AL55: 69.99861
A56: ISO07 | B56: AVG | C56: 1257.2365 | D56: 958.80525 | E56: 997.74566 | F56: 94.042372 | G56: 37.41838 | H56: 50.058853 | I56: 1338.4453 | J56: 1125.9193 | K56: 1206.0384 | L56: 664.18786 | M56: 222.91323 | N56: 146.04126 | O56: 1260.8641 | P56: 1008.56 | Q56: 1059.0653 | R56: 198.08482 | S56: 44.558331 | T56: 53.553632 | U56: 672.23617 | V56: 915.01694 | W56: 1053.807 | X56: 82.274346 | Y56: 41.996565 | Z56: 52.942119 | AA56: 667.46916 | AB56: 1115.6752 | AC56: 1235.9054 | AD56: 653.86071 | AE56: 194.20609 | AF56: 138.76421 | AG56: 691.90238 | AH56: 969.13117 | AI56: 1098.9273 | AJ56: 192.71414 | AK56: 45.991802 | AL56: 82.149097
B57: SD | C57: 11.566878 | D57: 7.1067105 | E57: 7.565807 | F57: 78.207646 | G57: 30.192518 | H57: 35.351213 | I57: 63.631962 | J57: 26.577748 | K57: 14.899596 | L57: 691.58568 | M57: 206.88856 | N57: 122.95337 | O57: 20.022297 | P57: 6.3890126 | Q57: 9.8422585 | R57: 185.76397 | S57: 40.344099 | T57: 38.647857 | U57: 11.196345 | V57: 9.5991972 | W57: 7.7702925 | X57: 67.582367 | Y57: 28.204217 | Z57: 43.818346 | AA57: 70.589975 | AB57: 26.75931 | AC57: 21.070221 | AD57: 627.70937 | AE57: 173.05561 | AF57: 105.02978 | AG57: 20.480996 | AH57: 10.410234 | AI57: 12.38979 | AJ57: 165.00524 | AK57: 29.243049 | AL57: 61.369096
A58: ISO08 | B58: AVG | C58: 1254.066 | D58: 966.57616 | E58: 999.72996 | F58: 90.438337 | G58: 29.209356 | H58: 53.931089 | I58: 1342.8305 | J58: 1130.6839 | K58: 1205.5375 | L58: 728.15754 | M58: 234.85618 | N58: 159.64895 | O58: 1260.1215 | P58: 1016.4082 | Q58: 1060.9673 | R58: 220.68238 | S58: 46.61922 | T58: 56.634677 | U58: 664.99315 | V58: 902.90268 | W58: 1053.4753 | X58: 88.175056 | Y58: 42.830254 | Z58: 57.215407 | AA58: 650.06405 | AB58: 1100.4491 | AC58: 1235.6714 | AD58: 675.52434 | AE58: 236.60718 | AF58: 150.90226 | AG58: 682.05134 | AH58: 957.61549 | AI58: 1098.7796 | AJ58: 197.41466 | AK58: 53.434762 | AL58: 87.24583
B59: SD | C59: 11.495595 | D59: 5.3105734 | E59: 7.1877386 | F59: 71.067885 | G59: 23.808773 | H59: 37.098006 | I59: 72.453078 | J59: 30.172431 | K59: 17.006124 | L59: 676.60336 | M59: 189.98217 | N59: 122.60548 | O59: 23.703797 | P59: 7.2873202 | Q59: 9.3827718 | R59: 185.07925 | S59: 37.414954 | T59: 42.82503 | U59: 13.027168 | V59: 8.377173 | W59: 8.7440476 | X59: 71.987951 | Y59: 27.54327 | Z59: 45.434543 | AA59: 75.359829 | AB59: 32.370704 | AC59: 24.283879 | AD59: 619.59559 | AE59: 215.86042 | AF59: 118.05786 | AG59: 23.049952 | AH59: 9.3560013 | AI59: 14.344527 | AJ59: 166.6537 | AK59: 35.641826 | AL59: 68.429152
A60: ISO09 | B60: AVG | C60: 1254.5173 | D60: 969.91266 | E60: 1003.8904 | F60: 90.285402 | G60: 30.490324 | H60: 49.711781 | I60: 1337.4323 | J60: 1138.4609 | K60: 1209.3178 | L60: 700.64864 | M60: 218.13853 | N60: 145.2117 | O60: 1258.8126 | P60: 1020.039 | Q60: 1065.219 | R60: 208.2433 | S60: 42.218524 | T60: 57.705797 | U60: 665.24915 | V60: 905.6785 | W60: 1060.1968 | X60: 89.065821 | Y60: 36.79367 | Z60: 60.423475 | AA60: 652.46508 | AB60: 1098.0339 | AC60: 1247.7308 | AD60: 681.35114 | AE60: 232.22299 | AF60: 150.1229 | AG60: 683.00686 | AH60: 958.19937 | AI60: 1106.6923 | AJ60: 206.20031 | AK60: 48.326286 | AL60: 93.088654
B61: SD | C61: 11.92423 | D61: 6.2563976 | E61: 6.9045247 | F61: 71.502184 | G61: 23.589208 | H61: 35.257429 | I61: 70.586879 | J61: 27.2955 | K61: 15.290474 | L61: 668.16716 | M61: 199.43929 | N61: 114.83651 | O61: 23.263635 | P61: 6.4274442 | Q61: 8.9422389 | R61: 187.17949 | S61: 37.235677 | T61: 37.876486 | U61: 12.274366 | V61: 8.261296 | W61: 9.339499 | X61: 71.516928 | Y61: 27.37336 | Z61: 43.722687 | AA61: 74.656205 | AB61: 30.113726 | AC61: 23.499977 | AD61: 633.68798 | AE61: 223.742 | AF61: 124.45658 | AG61: 22.688776 | AH61: 8.7043803 | AI61: 14.625469 | AJ61: 173.83289 | AK61: 31.485812 | AL61: 70.076018
A62: ISO10 | B62: AVG | C62: 1259.9396 | D62: 970.09754 | E62: 1001.8663 | F62: 100.38813 | G62: 40.760198 | H62: 54.096361 | I62: 1345.1221 | J62: 1134.5811 | K62: 1205.4662 | L62: 758.01488 | M62: 257.86533 | N62: 175.82126 | O62: 1265.0641 | P62: 1019.5407 | Q62: 1062.4995 | R62: 222.75602 | S62: 47.58377 | T62: 57.955239 | U62: 665.30218 | V62: 911.27494 | W62: 1060.4518 | X62: 91.552598 | Y62: 46.230079 | Z62: 59.16128 | AA62: 660.4781 | AB62: 1106.5093 | AC62: 1241.8426 | AD62: 712.99147 | AE62: 246.97431 | AF62: 159.61053 | AG62: 684.77715 | AH62: 964.20735 | AI62: 1104.4152 | AJ62: 207.09683 | AK62: 56.519477 | AL62: 91.919648
B63: SD | C63: 12.991871 | D63: 7.7332551 | E63: 6.9343682 | F63: 78.987174 | G63: 29.519126 | H63: 39.767521 | I63: 76.302982 | J63: 31.953766 | K63: 16.739403 | L63: 735.17917 | M63: 224.58964 | N63: 145.57113 | O63: 24.362886 | P63: 7.889543 | Q63: 9.0488103 | R63: 209.30998 | S63: 39.83376 | T63: 43.919674 | U63: 11.948943 | V63: 10.770553 | W63: 7.9869362 | X63: 76.5309 | Y63: 33.776543 | Z63: 44.270399 | AA63: 79.250053 | AB63: 33.213148 | AC63: 25.899493 | AD63: 650.53205 | AE63: 230.29292 | AF63: 135.35952 | AG63: 22.700578 | AH63: 12.012175 | AI63: 14.570225 | AJ63: 170.61897 | AK63: 37.918828 | AL63: 73.99612

Sheet P5
B1: Marker | C1: LeftMallet1 | I1: LeftMallet2 | O1: LeftMallet3 | U1: RightMallet1 | AA1: RightMallet2 | AG1: RightMallet3
B2: Axis | C2: X | D2: Y | E2: Z | F2: X' | G2: Y' | H2: Z' | I2: X | J2: Y | K2: Z | L2: X' | M2: Y' | N2: Z' | O2: X | P2: Y | Q2: Z | R2: X' | S2: Y' | T2: Z' | U2: X | V2: Y | W2: Z | X2: X' | Y2: Y' | Z2: Z' | AA2: X | AB2: Y | AC2: Z | AD2: X' | AE2: Y' | AF2: Z' | AG2: X | AH2: Y | AI2: Z | AJ2: X' | AK2: Y' | AL2: Z'
A3: Trial | B3: Stats
A4: CON01 | B4: AVG | C4: 135.21183 | D4: 1030.619 | E4: 1069.394 | F4: 27.598978 | G4: 17.813077 | H4: 22.518915 | I4: 141.20539 | J4: 1277.5825 | K4: 1265.1671 | L4: 219.32914 | M4: 46.642662 | N4: 42.616542 | O4: 115.80831 | P4: 1113.7476 | Q4: 1137.9057 | R4: 90.234831 | S4: 18.391428 | T4: 23.521092 | U4: 443.25796 | V4: 1073.7311 | W4: 1089.3067 | X4: 29.540415 | Y4: 11.253314 | Z4: 21.892905 | AA4: 402.19593 | AB4: 1328.3386 | AC4: 1265.4735 | AD4: 195.36277 | AE4: 21.240631 | AF4: 33.061137 | AG4: 406.07855 | AH4: 1148.8165 | AI4: 1157.214 | AJ4: 83.293607 | AK4: 11.578749 | AL4: 19.529367
B5: SD | C5: 3.8780264 | D5: 3.9068899 | E5: 5.0484069 | F5: 29.200785 | G5: 17.828715 | H5: 28.697498 | I5: 25.202109 | J5: 10.692631 | K5: 12.224919 | L5: 324.24057 | M5: 60.275963 | N5: 45.813723 | O5: 10.116793 | P5: 5.007247 | Q5: 6.8014365 | R5: 122.65682 | S5: 19.19778 | T5: 22.860947 | U5: 4.9382795 | V5: 2.6729299 | W5: 3.9796613 | X5: 33.158581 | Y5: 11.982841 | Z5: 29.650332 | AA5: 23.166633 | AB5: 4.736771 | AC5: 10.373588 | AD5: 305.90579 | AE5: 29.312003 | AF5: 35.249709 | AG5: 10.083331 | AH5: 2.7479804 | AI5: 5.4946904 | AJ5: 121.41483 | AK5: 13.713775 | AL5: 17.880236
A6: CON02 | B6: AVG | C6: 138.38154 | D6: 1021.0102 | E6: 1070.9617 | F6: 31.045912 | G6: 18.797458 | H6: 21.703844 | I6: 144.50173 | J6: 1261.8197 | K6: 1272.7748 | L6: 238.24211 | M6: 46.404382 | N6: 35.477696 | O6: 119.07589 | P6: 1101.2715 | Q6: 1141.3269 | R6: 97.991872 | S6: 18.651908 | T6: 21.505633 | U6: 440.36898 | V6: 1068.1402 | W6: 1086.78 | X6: 30.864851 | Y6: 12.575588 | Z6: 25.052765 | AA6: 405.22302 | AB6: 1320.402 | AC6: 1265.8555 | AD6: 228.851 | AE6: 28.366482 | AF6: 38.900797 | AG6: 405.67954 | AH6: 1141.9013 | AI6: 1156.1512 | AJ6: 94.590414 | AK6: 15.138903 | AL6: 21.337767
B7: SD | C7: 3.988262 | D7: 2.9910154 | E7: 4.610071 | F7: 35.862832 | G7: 17.580272 | H7: 25.928803 | I7: 26.695931 | J7: 8.6858169 | K7: 8.8744444 | L7: 347.14969 | M7: 60.734274 | N7: 36.996768 | O7: 10.911467 | P7: 3.9003193 | Q7: 5.7553056 | R7: 134.84696 | S7: 19.186278 | T7: 20.58135 | U7: 4.1723329 | V7: 3.8218185 | W7: 3.8510761 | X7: 35.506876 | Y7: 13.078341 | Z7: 35.374027 | AA7: 28.579316 | AB7: 6.2823515 | AC7: 7.5946209 | AD7: 351.95521 | AE7: 42.479548 | AF7: 44.902308 | AG7: 11.856068 | AH7: 4.3416943 | AI7: 4.6958441 | AJ7: 134.07299 | AK7: 17.138256 | AL7: 20.772367
A8: CON03 | B8: AVG | C8: 140.06627 | D8: 1026.0717 | E8: 1067.1531 | F8: 29.667045 | G8: 16.364044 | H8: 20.988098 | I8: 139.00443 | J8: 1265.5429 | K8: 1270.6495 | L8: 221.88734 | M8: 38.387174 | N8: 33.427185 | O8: 118.41394 | P8: 1104.7929 | Q8: 1138.3521 | R8: 91.842241 | S8: 15.597364 | T8: 20.279502 | U8: 436.74646 | V8: 1070.2481 | W8: 1085.5694 | X8: 28.618788 | Y8: 11.207421 | Z8: 22.087043 | AA8: 399.39079 | AB8: 1321.1484 | AC8: 1265.7092 | AD8: 220.57566 | AE8: 28.994802 | AF8: 34.267479 | AG8: 401.42906 | AH8: 1142.9762 | AI8: 1155.2806 | AJ8: 90.138072 | AK8: 15.149499 | AL8: 19.817172
B9: SD | C9: 3.5097234 | D9: 2.6885173 | E9: 4.4634647 | F9: 27.542732 | G9: 13.888546 | H9: 24.162784 | I9: 24.1673 | J9: 7.2541507 | K9: 7.8902668 | L9: 311.50847 | M9: 48.31172 | N9: 32.915957 | O9: 9.7218463 | P9: 3.3989629 | Q9: 4.8495262 | R9: 116.28051 | S9: 14.533825 | T9: 18.666578 | U9: 3.4148353 | V9: 1.7618054 | W9: 3.0966327 | X9: 32.301454 | Y9: 12.074641 | Z9: 29.992596 | AA9: 26.038223 | AB9: 4.7557455 | AC9: 6.247929 | AD9: 334.38995 | AE9: 41.621826 | AF9: 36.926169 | AG9: 10.490431 | AH9: 2.7013938 | AI9: 3.7259216 | AJ9: 127.60725 | AK9: 18.065428 | AL9: 18.32194
A10: CON04 | B10: AVG | C10: 138.72742 | D10: 1023.3923 | E10: 1063.1262 | F10: 26.766138 | G10: 14.067645 | H10: 23.89339 | I10: 152.26659 | J10: 1255.492 | K10: 1273.1296 | L10: 251.08828 | M10: 44.249052 | N10: 39.336286 | O10: 122.39033 | P10: 1099.154 | Q10: 1137.8276 | R10: 99.495796 | S10: 15.915156 | T10: 22.169236 | U10: 437.46258 | V10: 1064.9999 | W10: 1086.0583 | X10: 29.695693 | Y10: 11.650174 | Z10: 23.407118 | AA10: 406.78185 | AB10: 1314.1421 | AC10: 1268.8122 | AD10: 222.55835 | AE10: 30.559133 | AF10: 39.069911 | AG10: 404.24678 | AH10: 1137.0437 | AI10: 1156.9985 | AJ10: 91.939191 | AK10: 15.395078 | AL10: 21.093638
B11: SD | C11: 3.8062875 | D11: 2.4589326 | E11: 5.3087579 | F11: 27.680205 | G11: 11.878653 | H11: 29.063852 | I11: 30.18476 | J11: 8.1069046 | K11: 9.291841 | L11: 364.73041 | M11: 59.419501 | N11: 42.571066 | O11: 11.947804 | P11: 3.3886588 | Q11: 5.8960441 | R11: 132.39694 | S11: 16.79857 | T11: 21.512543 | U11: 3.8154102 | V11: 2.369612 | W11: 4.569997 | X11: 35.339352 | Y11: 12.488662 | Z11: 32.442552 | AA11: 30.081924 | AB11: 6.9281536 | AC11: 10.180167 | AD11: 347.98412 | AE11: 39.804995 | AF11: 47.636235 | AG11: 12.457314 | AH11: 3.4536173 | AI11: 6.2914405 | AJ11: 134.27309 | AK11: 17.435332 | AL11: 20.180335
A12: CON05 | B12: AVG | C12: 139.56315 | D12: 1024.8327 | E12: 1065.3161 | F12: 31.061379 | G12: 17.305297 | H12: 29.32211 | I12: 149.84973 | J12: 1255.1635 | K12: 1277.501 | L12: 258.67477 | M12: 52.84878 | N12: 44.419069 | O12: 122.08271 | P12: 1100.1166 | Q12: 1140.4836 | R12: 104.83475 | S12: 20.017878 | T12: 28.991822 | U12: 439.27431 | V12: 1067.5598 | W12: 1085.1861 | X12: 34.507917 | Y12: 13.911724 | Z12: 26.782075 | AA12: 415.75927 | AB12: 1314.0481 | AC12: 1270.8996 | AD12: 266.55438 | AE12: 35.848994 | AF12: 47.22406 | AG12: 408.5958 | AH12: 1138.4822 | AI12: 1157.4334 | AJ12: 110.23256 | AK12: 17.098094 | AL12: 25.672126
B13: SD | C13: 4.2163215 | D13: 3.5285612 | E13: 6.4622274 | F13: 32.519188 | G13: 16.162279 | H13: 29.207854 | I13: 31.777489 | J13: 10.708253 | K13: 13.008894 | L13: 378.21119 | M13: 74.274713 | N13: 44.590495 | O13: 12.996584 | P13: 4.7743192 | Q13: 8.1057348 | R13: 141.15585 | S13: 22.233582 | T13: 27.15835 | U13: 4.6938296 | V13: 3.49906 | W13: 4.4199402 | X13: 41.589708 | Y13: 14.83426 | Z13: 37.605755 | AA13: 36.172466 | AB13: 6.5395931 | AC13: 8.7739895 | AD13: 404.11068 | AE13: 44.294495 | AF13: 60.117411 | AG13: 15.104463 | AH13: 3.7914191 | AI13: 5.3131911 | AJ13: 158.22134 | AK13: 18.357862 | AL13: 27.045297
A14: CON06 | B14: AVG | C14: 140.74822 | D14: 1025.931 | E14: 1063.0952 | F14: 33.454094 | G14: 17.902434 | H14: 28.421933 | I14: 152.2791 | J14: 1262.4083 | K14: 1267.7411 | L14: 286.56825 | M14: 52.491648 | N14: 49.337331 | O14: 123.79462 | P14: 1103.0636 | Q14: 1136.0852 | R14: 115.4131 | S14: 19.723988 | T14: 30.438119 | U14: 440.05926 | V14: 1069.1706 | W14: 1084.8433 | X14: 38.038284 | Y14: 14.374259 | Z14: 27.95401 | AA14: 413.03234 | AB14: 1317.2665 | AC14: 1265.8478 | AD14: 296.05653 | AE14: 38.198364 | AF14: 52.763762 | AG14: 407.90585 | AH14: 1139.809 | AI14: 1156.0305 | AJ14: 120.83746 | AK14: 16.349863 | AL14: 26.950666
B15: SD | C15: 4.1794964 | D15: 3.5364764 | E15: 6.3576302 | F15: 34.307955 | G15: 14.719672 | H15: 30.510074 | I15: 33.44617 | J15: 10.014593 | K15: 13.88245 | L15: 394.44119 | M15: 77.206007 | N15: 56.256469 | O15: 13.457802 | P15: 3.958323 | Q15: 8.4346988 | R15: 148.24708 | S15: 22.564633 | T15: 31.715634 | U15: 5.6606949 | V15: 3.2807782 | W15: 4.4443593 | X15: 44.834507 | Y15: 15.483744 | Z15: 37.859812 | AA15: 41.284966 | AB15: 6.9924749 | AC15: 8.7912975 | AD15: 435.7933 | AE15: 48.243724 | AF15: 59.396718 | AG15: 17.273324 | AH15: 3.6180862 | AI15: 5.2794431 | AJ15: 170.04756 | AK15: 18.237176 | AL15: 26.346208
A16: CON07 | B16: AVG | C16: 138.25009 | D16: 1026.7913 | E16: 1060.6984 | F16: 31.717353 | G16: 16.41008 | H16: 25.863578 | I16: 144.0461 | J16: 1264.8173 | K16: 1264.4747 | L16: 266.87939 | M16: 44.049231 | N16: 42.001712 | O16: 119.56048 | P16: 1103.7245 | Q16: 1133.5571 | R16: 108.19398 | S16: 16.436904 | T16: 26.613268 | U16: 438.73997 | V16: 1067.047 | W16: 1086.0095 | X16: 35.667972 | Y16: 13.694015 | Z16: 25.655139 | AA16: 407.77956 | AB16: 1312.4706 | AC16: 1270.8272 | AD16: 271.94401 | AE16: 31.293145 | AF16: 39.717312 | AG16: 405.09904 | AH16: 1136.0598 | AI16: 1158.4729 | AJ16: 112.57883 | AK16: 14.849388 | AL16: 22.292918
B17: SD | C17: 3.7346213 | D17: 3.1722783 | E17: 4.9478819 | F17: 32.553615 | G17: 14.109677 | H17: 27.406403 | I17: 28.858186 | J17: 8.381235 | K17: 9.4186531 | L17: 365.79171 | M17: 58.590187 | N17: 40.994496 | O17: 11.492649 | P17: 3.906529 | Q17: 6.0688615 | R17: 137.52411 | S17: 16.04005 | T17: 24.666108 | U17: 4.3961368 | V17: 2.7395864 | W17: 4.0319102 | X17: 38.801387 | Y17: 13.230123 | Z17: 35.798912 | AA17: 35.77019 | AB17: 5.0313255 | AC17: 5.6032263 | AD17: 387.28626 | AE17: 38.0267 | AF17: 45.030926 | AG17: 14.70765 | AH17: 3.1222187 | AI17: 4.2770703 | AJ17: 151.51718 | AK17: 15.669563 | AL17: 23.164327
A18: CON08 | B18: AVG | C18: 135.03161 | D18: 1029.2747 | E18: 1056.2044 | F18: 29.628378 | G18: 14.493336 | H18: 27.843916 | I18: 141.39813 | J18: 1265.7209 | K18: 1261.4112 | L18: 280.79025 | M18: 56.831451 | N18: 45.888137 | O18: 116.55011 | P18: 1105.6965 | Q18: 1129.7113 | R18: 111.29784 | S18: 20.067611 | T18: 30.104496 | U18: 438.90686 | V18: 1068.0255 | W18: 1084.7974 | X18: 33.591351 | Y18: 13.602383 | Z18: 25.00054 | AA18: 402.58438 | AB18: 1311.3259 | AC18: 1271.1104 | AD18: 286.90494 | AE18: 32.136524 | AF18: 40.458939 | AG18: 403.21873 | AH18: 1136.0047 | AI18: 1157.123 | AJ18: 115.95473 | AK18: 13.871019 | AL18: 22.385186
B19: SD | C19: 4.3493008 | D19: 2.1217494 | E19: 6.2784861 | F19: 30.571878 | G19: 12.702679 | H19: 30.526649 | I19: 31.626398 | J19: 10.317999 | K19: 13.923464 | L19: 391.78886 | M19: 80.315976 | N19: 48.799309 | O19: 12.47054 | P19: 3.3161295 | Q19: 8.4136452 | R19: 141.90736 | S19: 21.900324 | T19: 30.425439 | U19: 4.6196232 | V19: 2.2321288 | W19: 3.6250932 | X19: 35.512085 | Y19: 13.566496 | Z19: 33.925522 | AA19: 34.895251 | AB19: 5.0987461 | AC19: 8.2659075 | AD19: 407.26255 | AE19: 39.376965 | AF19: 44.886391 | AG19: 14.027615 | AH19: 2.1669736 | AI19: 4.5401729 | AJ19: 155.91711 | AK19: 14.00123 | AL19: 22.361959
A20: CON09 | B20: AVG | C20: 134.79907 | D20: 1031.4949 | E20: 1047.6757 | F20: 36.153659 | G20: 17.361942 | H20: 28.253111 | I20: 144.23901 | J20: 1272.4116 | K20: 1246.2426 | L20: 315.69944 | M20: 71.446498 | N20: 52.704358 | O20: 117.4377 | P20: 1109.6066 | Q20: 1119.1284 | R20: 126.34503 | S20: 24.729889 | T20: 32.504438 | U20: 440.80861 | V20: 1066.0663 | W20: 1082.4215 | X20: 34.738667 | Y20: 14.724138 | Z20: 25.512579 | AA20: 405.5711 | AB20: 1314.7992 | AC20: 1260.6985 | AD20: 295.42799 | AE20: 35.918852 | AF20: 46.016158 | AG20: 404.8703 | AH20: 1136.625 | AI20: 1151.7357 | AJ20: 118.83158 | AK20: 14.560868 | AL20: 23.334064
B21: SD | C21: 5.4202601 | D21: 2.9119667 | E21: 6.1291543 | F21: 33.523121 | G21: 15.560447 | H21: 30.030403 | I21: 39.517298 | J21: 11.634071 | K21: 13.015292 | L21: 430.69665 | M21: 99.435136 | N21: 55.078756 | O21: 16.213477 | P21: 4.1883749 | Q21: 8.0984161 | R21: 159.05139 | S21: 28.113251 | T21: 32.453403 | U21: 4.6105251 | V21: 2.6428352 | W21: 4.7238118 | X21: 37.838725 | Y21: 15.105269 | Z21: 35.979883 | AA21: 37.913507 | AB21: 6.0479602 | AC21: 8.4549897 | AD21: 430.70702 | AE21: 47.136813 | AF21: 48.028978 | AG21: 14.99541 | AH21: 2.9974246 | AI21: 5.4721806 | AJ21: 162.22723 | AK21: 15.369275 | AL21: 22.58998
A22: CON10 | B22: AVG | C22: 134.92772 | D22: 1034.5832 | E22: 1043.362 | F22: 35.863573 | G22: 17.06397 | H22: 27.229227 | I22: 136.07032 | J22: 1278.6125 | K22: 1239.2112 | L22: 291.63037 | M22: 60.95163 | N22: 55.607975 | O22: 114.66302 | P22: 1113.3727 | Q22: 1113.6921 | R22: 116.74636 | S22: 21.595141 | T22: 33.949448 | U22: 440.50031 | V22: 1064.5604 | W22: 1082.9739 | X22: 33.453898 | Y22: 15.841315 | Z22: 26.003892 | AA22: 406.95766 | AB22: 1316.7247 | AC22: 1256.119 | AD22: 305.87665 | AE22: 38.555047 | AF22: 47.828609 | AG22: 404.73653 | AH22: 1136.8143 | AI22: 1150.4475 | AJ22: 122.83884 | AK22: 15.086693 | AL22: 24.290923
B23: SD | C23: 5.1304185 | D23: 3.4467353 | E23: 6.2196862 | F23: 34.461943 | G23: 15.082899 | H23: 31.922924 | I23: 34.44409 | J23: 9.5305104 | K23: 14.630924 | L23: 403.6531 | M23: 90.568344 | N23: 64.492123 | O23: 14.16792 | P23: 3.1369544 | Q23: 8.8357508 | R23: 148.14757 | S23: 24.654791 | T23: 36.941266 | U23: 3.8393427 | V23: 3.0648524 | W23: 3.617694 | X23: 35.924962 | Y23: 16.468484 | Z23: 38.764293 | AA23: 39.157057 | AB23: 7.2338658 | AC23: 8.9602581 | AD23: 456.35095 | AE23: 54.664083 | AF23: 53.263118 | AG23: 15.149585 | AH23: 3.3653632 | AI23: 4.9695006 | AJ23: 171.11098 | AK23: 16.972172 | AL23: 24.620408
A24: CTL01 | B24: AVG | C24: 158.666 | D24: 1043.9034 | E24: 1070.9874 | F24: 30.242847 | G24: 15.377319 | H24: 27.612251 | I24: 140.23341 | J24: 1298.9452 | K24: 1254.9153 | L24: 239.98845 | M24: 39.017336 | N24: 57.27519 | O24: 130.34807 | P24: 1127.5341 | Q24: 1135.1645 | R24: 97.899816 | S24: 14.44724 | T24: 32.355159 | U24: 429.84764 | V24: 1064.4052 | W24: 1087.8268 | X24: 36.742067 | Y24: 15.783981 | Z24: 22.969473 | AA24: 399.0625 | AB24: 1312.1471 | AC24: 1254.5092 | AD24: 221.01131 | AE24: 23.574809 | AF24: 36.412265 | AG24: 396.87364 | AH24: 1137.4761 | AI24: 1139.8794 | AJ24: 89.664203 | AK24: 11.010854 | AL24: 21.671952
B25: SD | C25: 4.2734065 | D25: 3.7166523 | E25: 6.0343278 | F25: 31.032002 | G25: 15.807718 | H25: 31.577963 | I25: 27.030765 | J25: 8.2971184 | K25: 13.972644 | L25: 331.78976 | M25: 47.757911 | N25: 62.962969 | O25: 11.290412 | P25: 3.6324818 | Q25: 8.1498273 | R25: 124.88971 | S25: 14.281855 | T25: 33.339628 | U25: 4.3598355 | V25: 3.0955793 | W25: 5.0600022 | X25: 36.987096 | Y25: 15.88531 | Z25: 30.839463 | AA25: 24.53749 | AB25: 4.8157672 | AC25: 10.779696 | AD25: 311.34475 | AE25: 25.564985 | AF25: 37.943718 | AG25: 9.7951154 | AH25: 3.2034402 | AI25: 6.1251521 | AJ25: 114.92491 | AK25: 9.5081723 | AL25: 22.246801
A26: CTL02 | B26: AVG | C26: 163.00604 | D26: 1048.6639 | E26: 1067.2594 | F26: 31.075385 | G26: 16.328921 | H26: 23.173652 | I26: 141.22045 | J26: 1302.1086 | K26: 1251.8789 | L26: 221.38311 | M26: 37.597522 | N26: 49.073802 | O26: 133.89587 | P26: 1130.9258 | Q26: 1131.6108 | R26: 91.770112 | S26: 14.961656 | T26: 28.748214 | U26: 419.25367 | V26: 1072.4183 | W26: 1082.7044 | X26: 35.490158 | Y26: 15.362593 | Z26: 23.086407 | AA26: 381.23627 | AB26: 1319.587 | AC26: 1247.2137 | AD26: 212.48327 | AE26: 22.31083 | AF26: 38.75873 | AG26: 384.81841 | AH26: 1144.2843 | AI26: 1133.7413 | AJ26: 87.570701 | AK26: 10.093682 | AL26: 22.776142
B27: SD | C27: 3.8663838 | D27: 2.9899502 | E27: 5.8627438 | F27: 32.123711 | G27: 14.297982 | H27: 27.931086 | I27: 27.401206 | J27: 7.6880302 | K27: 13.066352 | L27: 305.97036 | M27: 48.373195 | N27: 55.785165 | O27: 11.219068 | P27: 3.2641772 | Q27: 7.8552363 | R27: 116.3416 | S27: 14.436376 | T27: 30.589928 | U27: 4.5000999 | V27: 2.6329322 | W27: 4.2088433 | X27: 38.92153 | Y27: 15.484382 | Z27: 30.169665 | AA27: 26.17275 | AB27: 4.7790836 | AC27: 8.4544511 | AD27: 314.60383 | AE27: 27.734644 | AF27: 40.079024 | AG27: 10.654095 | AH27: 2.6111343 | AI27: 4.8801302 | AJ27: 115.12821 | AK27: 8.7496491 | AL27: 22.500047
A28: CTL03 | B28: AVG | C28: 158.8806 | D28: 1026.6623 | E28: 1047.2913 | F28: 33.414503 | G28: 17.904984 | H28: 23.461832 | I28: 151.74687 | J28: 1275.4 | K28: 1236.83 | L28: 265.83222 | M28: 41.563035 | N28: 44.155033 | O28: 135.32954 | P28: 1106.9767 | Q28: 1113.9307 | R28: 106.08865 | S28: 16.080589 | T28: 26.35979 | U28: 416.53186 | V28: 1059.1605 | W28: 1069.2011 | X28: 33.497077 | Y28: 12.067693 | Z28: 20.489313 | AA28: 375.82197 | AB28: 1295.6528 | AC28: 1244.5845 | AD28: 204.30392 | AE28: 22.18104 | AF28: 34.21142 | AG28: 381.56128 | AH28: 1125.206 | AI28: 1123.9853 | AJ28: 80.135543 | AK28: 9.5033864 | AL28: 19.870001
B29: SD | C29: 3.8154575 | D29: 3.912801 | E29: 4.9962064 | F29: 32.369842 | G29: 17.068529 | H29: 27.390916 | I29: 28.771708 | J29: 10.90319 | K29: 13.866821 | L29: 346.9346 | M29: 55.204313 | N29: 51.99653 | O29: 11.328761 | P29: 5.2714731 | Q29: 7.611477 | R29: 129.18105 | S29: 15.969272 | T29: 27.918507 | U29: 4.7772266 | V29: 2.7739086 | W29: 3.5737291 | X29: 36.121986 | Y29: 12.645347 | Z29: 29.682967 | AA29: 25.960545 | AB29: 5.0102039 | AC29: 6.594488 | AD29: 313.97467 | AE29: 29.822162 | AF29: 36.717917 | AG29: 10.117567 | AH29: 2.8877434 | AI29: 3.7831241 | AJ29: 110.00297 | AK29: 9.1089796 | AL29: 19.259331
A30: CTL04 | B30: AVG | C30: 160.74862 | D30: 1024.1944 | E30: 1041.9423 | F30: 32.967635 | G30: 16.398771 | H30: 22.634021 | I30: 157.69996 | J30: 1275.7553 | K30: 1227.4625 | L30: 259.5102 | M30: 47.572782 | N30: 50.334589 | O30: 138.91073 | P30: 1105.2404 | Q30: 1107.9056 | R30: 104.08994 | S30: 17.067703 | T30: 30.093659 | U30: 411.30665 | V30: 1057.7732 | W30: 1062.9069 | X30: 30.025731 | Y30: 11.920122 | Z30: 23.987042 | AA30: 372.90597 | AB30: 1300.8832 | AC30: 1229.1844 | AD30: 222.0866 | AE30: 23.496533 | AF30: 35.260077 | AG30: 377.15826 | AH30: 1125.5734 | AI30: 1115.9673 | AJ30: 83.55962 | AK30: 10.469728 | AL30: 20.575727
B31: SD | C31: 5.2034635 | D31: 4.0516327 | E31: 5.674647 | F31: 33.552961 | G31: 15.976617 | H31: 25.83185 | I31: 31.247594 | J31: 9.0410129 | K31: 13.100818 | L31: 344.86352 | M31: 66.996448 | N31: 54.335241 | O31: 12.814724 | P31: 4.3245936 | Q31: 8.0067326 | R31: 127.96657 | S31: 19.537967 | T31: 31.018049 | U31: 3.9282855 | V31: 5.0502663 | W31: 3.8963537 | X31: 33.470863 | Y31: 13.794156 | Z31: 33.429416 | AA31: 26.236435 | AB31: 5.1113678 | AC31: 8.4224551 | AD31: 338.43402 | AE31: 34.466186 | AF31: 38.036352 | AG31: 9.6695358 | AH31: 4.5608297 | AI31: 4.9012338 | AJ31: 115.95061 | AK31: 11.213909 | AL31: 19.942825
A32: CTL05 | B32: AVG | C32: 159.11704 | D32: 1024.0244 | E32: 1027.5932 | F32: 31.196427 | G32: 17.106057 | H32: 24.347361 | I32: 159.80636 | J32: 1278.016 | K32: 1210.4575 | L32: 268.93078 | M32: 50.261281 | N32: 51.335231 | O32: 138.30889 | P32: 1106.8733 | Q32: 1092.0762 | R32: 104.8722 | S32: 17.88624 | T32: 29.571367 | U32: 408.66701 | V32: 1059.1116 | W32: 1050.1544 | X32: 33.218446 | Y32: 13.627652 | Z32: 25.615578 | AA32: 369.14602 | AB32: 1302.8547 | AC32: 1215.818 | AD32: 225.92679 | AE32: 24.65845 | AF32: 41.110542 | AG32: 373.93019 | AH32: 1128.2534 | AI32: 1101.859 | AJ32: 86.508316 | AK32: 9.3403806 | AL32: 23.122689
B33: SD | C33: 3.5934234 | D33: 4.2633165 | E33: 4.716404 | F33: 31.530107 | G33: 18.464176 | H33: 25.202214 | I33: 27.144875 | J33: 9.9466754 | K33: 12.302749 | L33: 361.41429 | M33: 74.917939 | N33: 54.119735 | O33: 10.339438 | P33: 4.7428446 | Q33: 7.1507792 | R33: 131.6644 | S33: 22.173696 | T33: 29.92669 | U33: 5.841999 | V33: 3.2216219 | W33: 7.6688975 | X33: 35.241946 | Y33: 15.684346 | Z33: 33.633193 | AA33: 31.64566 | AB33: 5.0823283 | AC33: 10.390424 | AD33: 340.71768 | AE33: 31.163333 | AF33: 42.093862 | AG33: 12.840373 | AH33: 2.7437304 | AI33: 8.6876208 | AJ33: 118.2831 | AK33: 8.9255005 | AL33: 21.857272
A34: CTL06 | B34: AVG | C34: 157.74721 | D34: 1023.675 | E34: 1033.2129 | F34: 30.415216 | G34: 15.707744 | H34: 22.436347 | I34: 161.07951 | J34: 1279.3739 | K34: 1213.2519 | L34: 274.74128 | M34: 49.332554 | N34: 50.008144 | O34: 138.09323 | P34: 1106.6054 | Q34: 1097.7912 | R34: 107.60805 | S34: 18.113126 | T34: 28.708899 | U34: 410.99398 | V34: 1055.9077 | W34: 1058.6515 | X34: 32.625752 | Y34: 14.038431 | Z34: 25.381951 | AA34: 376.05539 | AB34: 1304.6851 | AC34: 1217.0534 | AD34: 246.3983 | AE34: 24.457761 | AF34: 41.872048 | AG34: 377.56145 | AH34: 1126.2593 | AI34: 1108.9032 | AJ34: 92.486743 | AK34: 10.240843 | AL34: 22.380518
B35: SD | C35: 4.8238294 | D35: 3.2663964 | E35: 5.5097114 | F35: 29.936511 | G35: 15.404213 | H35: 25.946806 | I35: 30.300068 | J35: 10.405419 | K35: 14.599901 | L35: 357.7929 | M35: 75.52902 | N35: 56.000758 | O35: 12.109214 | P35: 4.4205759 | Q35: 8.3409429 | R35: 127.24027 | S35: 22.391886 | T35: 29.97213 | U35: 4.4484745 | V35: 2.4509742 | W35: 3.7263991 | X35: 33.089988 | Y35: 15.186169 | Z35: 31.418299 | AA35: 28.533064 | AB35: 4.9287074 | AC35: 8.0295042 | AD35: 338.81057 | AE35: 29.746703 | AF35: 41.966398 | AG35: 10.722863 | AH35: 2.6549317 | AI35: 4.7696413 | AJ35: 115.51106 | AK35: 9.3542167 | AL35: 19.295505
A36: CTL07 | B36: AVG | C36: 158.40427 | D36: 1030.9084 | E36: 1034.734 | F36: 31.621214 | G36: 17.053295 | H36: 22.366272 | I36: 157.35868 | J36: 1283.7705 | K36: 1217.7667 | L36: 282.13094 | M36: 52.840327 | N36: 47.034698 | O36: 137.49337 | P36: 1112.3305 | Q36: 1100.4484 | R36: 109.1819 | S36: 19.807075 | T36: 27.411336 | U36: 410.58127 | V36: 1063.1087 | W36: 1061.1806 | X36: 30.176673 | Y36: 14.183574 | Z36: 23.195272 | AA36: 375.33335 | AB36: 1312.0143 | AC36: 1218.5804 | AD36: 221.59307 | AE36: 25.824985 | AF36: 41.558631 | AG36: 377.16861 | AH36: 1133.0082 | AI36: 1111.6506 | AJ36: 83.639551 | AK36: 11.105917 | AL36: 23.159864
B37: SD | C37: 4.6726298 | D37: 3.9178372 | E37: 4.7690575 | F37: 31.874861 | G37: 15.827176 | H37: 24.804137 | I37: 36.324389 | J37: 11.417672 | K37: 11.836086 | L37: 379.55994 | M37: 75.895146 | N37: 48.857446 | O37: 14.065843 | P37: 4.9224961 | Q37: 6.998472 | R37: 135.37878 | S37: 21.764529 | T37: 25.853267 | U37: 4.7422441 | V37: 3.6782566 | W37: 4.2377026 | X37: 35.358827 | Y37: 15.728972 | Z37: 32.877583 | AA37: 30.101475 | AB37: 7.7289398 | AC37: 10.615816 | AD37: 347.15178 | AE37: 34.517136 | AF37: 42.144388 | AG37: 11.313329 | AH37: 4.3678702 | AI37: 6.0717679 | AJ37: 118.23782 | AK37: 10.897527 | AL37: 20.196853
A38: CTL08 | B38: AVG | C38: 160.17479 | D38: 1024.6699 | E38: 1027.6682 | F38: 33.679186 | G38: 17.364479 | H38: 24.38688 | I38: 158.13914 | J38: 1273.1046 | K38: 1217.8708 | L38: 306.17596 | M38: 64.304299 | N38: 57.355576 | O38: 138.85411 | P38: 1104.9364 | Q38: 1095.4879 | R38: 116.89939 | S38: 23.456491 | T38: 31.286494 | U38: 408.13898 | V38: 1054.9182 | W38: 1052.9103 | X38: 29.662606 | Y38: 14.12084 | Z38: 25.048917 | AA38: 374.4787 | AB38: 1305.5292 | AC38: 1210.4677 | AD38: 237.08375 | AE38: 25.142918 | AF38: 43.324758 | AG38: 375.0849 | AH38: 1127.1201 | AI38: 1102.4472 | AJ38: 87.860044 | AK38: 10.198821 | AL38: 23.816264
B39: SD | C39: 4.303694 | D39: 4.2048552 | E39: 5.2660044 | F39: 32.657209 | G39: 16.905896 | H39: 27.296875 | I39: 32.743185 | J39: 11.158413 | K39: 12.834217 | L39: 381.21318 | M39: 94.785885 | N39: 61.298416 | O39: 12.6646 | P39: 4.9298226 | Q39: 7.4277976 | R39: 135.90885 | S39: 28.071 | T39: 32.541491 | U39: 5.1691642 | V39: 2.2982022 | W39: 4.2592873 | X39: 32.222645 | Y39: 15.895183 | Z39: 31.203936 | AA39: 29.722218 | AB39: 6.7732747 | AC39: 11.740315 | AD39: 333.90071 | AE39: 30.307196 | AF39: 41.304513 | AG39: 11.673951 | AH39: 3.1052734 | AI39: 6.5123718 | AJ39: 113.39193 | AK39: 9.2166925 | AL39: 19.919322
A40: CTL09 | B40: AVG | C40: 158.81159 | D40: 1022.6536 | E40: 1020.5698 | F40: 33.511221 | G40: 16.752706 | H40: 21.618247 | I40: 153.961 | J40: 1276.9603 | K40: 1203.2316 | L40: 308.81023 | M40: 66.073094 | N40: 54.228503 | O40: 136.59567 | P40: 1104.7743 | Q40: 1086.4903 | R40: 119.43007 | S40: 24.00249 | T40: 31.659536 | U40: 412.85012 | V40: 1055.4301 | W40: 1054.465 | X40: 35.00299 | Y40: 14.737312 | Z40: 25.712399 | AA40: 378.75842 | AB40: 1309.6137 | AC40: 1204.6268 | AD40: 255.74724 | AE40: 29.167617 | AF40: 48.899412 | AG40: 379.6286 | AH40: 1128.096 | AI40: 1102.3214 | AJ40: 96.689692 | AK40: 10.586772 | AL40: 26.705555
B41: SD | C41: 4.5616856 | D41: 3.461871 | E41: 4.3261006 | F41: 31.313258 | G41: 15.82496 | H41: 24.645735 | I41: 35.024544 | J41: 10.845168 | K41: 11.873999 | L41: 396.99993 | M41: 99.601127 | N41: 60.790707 | O41: 13.505945 | P41: 4.3140218 | Q41: 6.9979738 | R41: 139.86705 | S41: 28.641191 | T41: 34.656009 | U41: 3.9901737 | V41: 2.7256973 | W41: 4.2262104 | X41: 37.360937 | Y41: 17.043504 | Z41: 32.608039 | AA41: 32.649243 | AB41: 6.483093 | AC41: 10.269907 | AD41: 354.63227 | AE41: 34.027757 | AF41: 51.825152 | AG41: 11.791549 | AH41: 3.1927456 | AI41: 6.1326635 | AJ41: 123.25834 | AK41: 9.1701672 | AL41: 25.283344
A42: CTL10 | B42: AVG | C42: 156.90906 | D42: 1024.6224 | E42: 1026.7843 | F42: 34.452981 | G42: 16.317885 | H42: 23.764262 | I42: 155.16559 | J42: 1276.0011 | K42: 1211.8243 | L42: 317.20896 | M42: 69.316831 | N42: 53.137698 | O42: 135.90451 | P42: 1105.6586 | Q42: 1093.6268 | R42: 123.4202 | S42: 24.399392 | T42: 32.739593 | U42: 413.55014 | V42: 1048.676 | W42: 1058.136 | X42: 33.434409 | Y42: 15.654896 | Z42: 25.758607 | AA42: 383.09976 | AB42: 1301.1383 | AC42: 1211.0021 | AD42: 237.04621 | AE42: 26.643996 | AF42: 42.531632 | AG42: 381.55735 | AH42: 1120.4681 | AI42: 1106.9324 | AJ42: 90.142416 | AK42: 10.004564 | AL42: 23.483186
B43: SD | C43: 4.4168603 | D43: 3.139273 | E43: 5.2697131 | F43: 31.974232 | G43: 17.161376 | H43: 26.709553 | I43: 40.084518 | J43: 13.16012 | K43: 16.164374 | L43: 409.96435 | M43: 109.20783 | N43: 65.586226 | O43: 15.275481 | P43: 4.55697 | Q43: 8.8539317 | R43: 147.6467 | S43: 31.923422 | T43: 38.736316 | U43: 4.0160616 | V43: 3.3564768 | W43: 4.4633717 | X43: 36.987382 | Y43: 18.287978 | Z43: 33.268945 | AA43: 29.576124 | AB43: 6.5864486 | AC43: 11.770871 | AD43: 364.23795 | AE43: 33.233521 | AF43: 44.588995 | AG43: 10.955782 | AH43: 3.2281889 | AI43: 6.1901119 | AJ43: 126.5686 | AK43: 9.3932263 | AL43: 21.791091
A44: ISO01 | B44: AVG | C44: 176.2018 | D44: 1017.2935 | E44: 1049.2933 | F44: 37.584053 | G44: 21.301681 | H44: 22.36863 | I44: 169.70017 | J44: 1271.8893 | K44: 1230.6097 | L44: 210.73893 | M44: 38.927468 | N44: 51.349881 | O44: 151.46117 | P44: 1099.2882 | Q44: 1113.5295 | R44: 91.253699 | S44: 17.581189 | T44: 29.750814 | U44: 411.81827 | V44: 1049.354 | W44: 1080.5734 | X44: 43.168974 | Y44: 21.551888 | Z44: 24.579247 | AA44: 377.06813 | AB44: 1312.3907 | AC44: 1237.0589 | AD44: 263.29309 | AE44: 28.594627 | AF44: 47.324363 | AG44: 376.43101 | AH44: 1129.4624 | AI44: 1137.1044 | AJ44: 110.8113 | AK44: 14.43699 | AL44: 26.236987
B45: SD | C45: 5.208455 | D45: 8.031174 | E45: 6.906126 | F45: 41.515529 | G45: 23.534177 | H45: 22.567758 | I45: 24.807625 | J45: 8.265693 | K45: 16.198004 | L45: 309.85587 | M45: 52.524392 | N45: 58.330809 | O45: 10.727836 | P45: 7.1869089 | Q45: 9.2756187 | R45: 114.49889 | S45: 16.994608 | T45: 27.262223 | U45: 5.4450596 | V45: 9.8127302 | W45: 4.595776 | X45: 49.388766 | Y45: 23.420354 | Z45: 31.368356 | AA45: 30.143859 | AB45: 8.6756745 | AC45: 11.860378 | AD45: 376.84283 | AE45: 39.061043 | AF45: 53.835832 | AG45: 12.743057 | AH45: 9.1012522 | AI45: 6.3030303 | AJ45: 147.13185 | AK45: 14.13403 | AL45: 25.846409
A46: ISO02 | B46: AVG | C46: 180.72793 | D46: 1012.9216 | E46: 1057.0648 | F46: 37.662591 | G46: 20.893843 | H46: 23.202068 | I46: 184.52381 | J46: 1264.0681 | K46: 1241.7456 | L46: 237.77025 | M46: 47.474569 | N46: 47.152425 | O46: 159.68568 | P46: 1093.2939 | Q46: 1123.5535 | R46: 101.47839 | S46: 18.858036 | T46: 27.7854 | U46: 410.77922 | V46: 1051.1631 | W46: 1084.8345 | X46: 40.214074 | Y46: 15.952644 | Z46: 20.032676 | AA46: 375.31562 | AB46: 1310.4821 | AC46: 1243.8644 | AD46: 211.95179 | AE46: 24.724045 | AF46: 39.265986 | AG46: 375.13795 | AH46: 1127.6803 | AI46: 1143.221 | AJ46: 91.897511 | AK46: 12.774326 | AL46: 22.269556
B47: SD | C47: 4.8459504 | D47: 2.7665337 | E47: 4.6253294 | F47: 39.367252 | G47: 20.411376 | H47: 25.627877 | I47: 30.421389 | J47: 8.9316214 | K47: 11.088067 | L47: 324.65639 | M47: 53.052371 | N47: 50.481024 | O47: 12.676921 | P47: 3.709739 | Q47: 6.6533956 | R47: 126.25329 | S47: 16.739178 | T47: 28.658525 | U47: 5.2515682 | V47: 2.4766804 | W47: 2.9583944 | X47: 48.557731 | Y47: 19.908109 | Z47: 24.09841 | AA47: 27.214099 | AB47: 4.6666196 | AC47: 7.8202521 | AD47: 342.37298 | AE47: 31.979961 | AF47: 39.7314 | AG47: 11.702179 | AH47: 2.785898 | AI47: 4.3559544 | AJ47: 135.35956 | AK47: 14.821175 | AL47: 20.020844
A48: ISO03 | B48: AVG | C48: 177.17014 | D48: 1017.089 | E48: 1052.4703 | F48: 38.643378 | G48: 20.486596 | H48: 23.714863 | I48: 178.73724 | J48: 1271.8507 | K48: 1232.4273 | L48: 243.37755 | M48: 48.438454 | N48: 48.494595 | O48: 155.53464 | P48: 1098.5894 | Q48: 1117.7411 | R48: 101.86626 | S48: 18.873342 | T48: 29.307344 | U48: 408.70857 | V48: 1053.6977 | W48: 1082.4953 | X48: 41.971483 | Y48: 19.972398 | Z48: 21.678761 | AA48: 374.96718 | AB48: 1312.5558 | AC48: 1243.6999 | AD48: 232.83079 | AE48: 24.025107 | AF48: 39.114403 | AG48: 373.50541 | AH48: 1130.45 | AI48: 1141.7912 | AJ48: 99.845785 | AK48: 13.007527 | AL48: 22.553773
B49: SD | C49: 5.3625137 | D49: 4.9403391 | E49: 4.5421326 | F49: 42.592188 | G49: 20.303633 | H49: 25.431092 | I49: 32.049723 | J49: 8.7043195 | K49: 11.407708 | L49: 354.52585 | M49: 63.955769 | N49: 50.481241 | O49: 13.514116 | P49: 4.7239216 | Q49: 6.5499631 | R49: 136.92947 | S49: 18.080427 | T49: 28.988157 | U49: 5.0200421 | V49: 3.5965641 | W49: 3.3299577 | X49: 48.889326 | Y49: 21.255067 | Z49: 29.202767 | AA49: 26.176592 | AB49: 4.8484172 | AC49: 8.6985669 | AD49: 363.7181 | AE49: 31.761281 | AF49: 42.104004 | AG49: 11.182339 | AH49: 3.6696388 | AI49: 4.3943857 | AJ49: 143.23321 | AK49: 13.330311 | AL49: 21.255957
A50: ISO04 | B50: AVG | C50: 174.23606 | D50: 1014.8107 | E50: 1050.7581 | F50: 36.854965 | G50: 19.88465 | H50: 22.830081 | I50: 167.46864 | J50: 1267.5277 | K50: 1233.9278 | L50: 217.59548 | M50: 41.124327 | N50: 48.038788 | O50: 149.73823 | P50: 1095.1564 | Q50: 1116.394 | R50: 92.846484 | S50: 17.122746 | T50: 29.274974 | U50: 411.76735 | V50: 1053.5522 | W50: 1084.2593 | X50: 41.194994 | Y50: 17.129614 | Z50: 22.711875 | AA50: 377.91501 | AB50: 1310.6231 | AC50: 1249.2277 | AD50: 216.5497 | AE50: 25.069203 | AF50: 40.529387 | AG50: 376.59889 | AH50: 1130.2615 | AI50: 1144.1878 | AJ50: 93.713082 | AK50: 11.603673 | AL50: 23.811156
B51: SD | C51: 5.1932955 | D51: 2.9888699 | E51: 5.6050229 | F51: 36.942857 | G51: 20.811853 | H51: 23.963519 | I51: 27.099022 | J51: 7.2824412 | K51: 11.402419 | L51: 301.24144 | M51: 50.937193 | N51: 49.414222 | O51: 11.605681 | P51: 3.1353797 | Q51: 7.1076568 | R51: 115.88623 | S51: 15.29573 | T51: 29.643993 | U51: 5.3188436 | V51: 3.2825353 | W51: 3.5159919 | X51: 45.637299 | Y51: 20.353357 | Z51: 32.285743 | AA51: 26.757789 | AB51: 5.4874585 | AC51: 8.4542569 | AD51: 330.47381 | AE51: 33.942765 | AF51: 41.51104 | AG51: 11.509448 | AH51: 3.5721462 | AI51: 4.8921936 | AJ51: 130.34268 | AK51: 11.654579 | AL51: 23.444487
A52: ISO05 | B52: AVG | C52: 175.35588 | D52: 1011.2853 | E52: 1058.7641 | F52: 30.153368 | G52: 16.855926 | H52: 17.086499 | I52: 163.31115 | J52: 1254.9436 | K52: 1254.8373 | L52: 187.36945 | M52: 27.204623 | N52: 31.156825 | O52: 148.75634 | P52: 1088.2998 | Q52: 1128.7976 | R52: 79.59375 | S52: 12.808741 | T52: 18.806573 | U52: 410.47493 | V52: 1043.589 | W52: 1084.8488 | X52: 36.862077 | Y52: 15.305932 | Z52: 20.807722 | AA52: 380.18498 | AB52: 1293.572 | AC52: 1259.5781 | AD52: 228.38395 | AE52: 25.318088 | AF52: 36.944152 | AG52: 376.63598 | AH52: 1116.6906 | AI52: 1148.5823 | AJ52: 95.000278 | AK52: 12.318904 | AL52: 21.689573
B53: SD | C53: 3.740445 | D53: 4.9672441 | E53: 6.8423246 | F53: 32.204447 | G53: 16.821216 | H53: 19.134578 | I53: 25.365851 | J53: 6.5292774 | K53: 12.808743 | L53: 276.65493 | M53: 32.097077 | N53: 30.3188 | O53: 10.396085 | P53: 4.5673972 | Q53: 8.1388644 | R53: 108.06032 | S53: 10.745674 | T53: 17.412289 | U53: 5.0371201 | V53: 5.3016666 | W53: 3.3317094 | X53: 43.296846 | Y53: 17.95922 | Z53: 29.150237 | AA53: 27.132668 | AB53: 5.6072963 | AC53: 7.7734961 | AD53: 344.66196 | AE53: 30.424596 | AF53: 36.201546 | AG53: 11.553958 | AH53: 5.0462099 | AI53: 4.4551063 | AJ53: 133.47738 | AK53: 12.279739 | AL53: 20.587008
A54: ISO06 | B54: AVG | C54: 174.20552 | D54: 1011.0347 | E54: 1054.0513 | F54: 40.538475 | G54: 19.74634 | H54: 24.760342 | I54: 163.72967 | J54: 1259.0864 | K54: 1244.0393 | L54: 228.62455 | M54: 37.401583 | N54: 48.731578 | O54: 148.27575 | P54: 1089.402 | Q54: 1122.2713 | R54: 99.557516 | S54: 15.850734 | T54: 30.184835 | U54: 411.18597 | V54: 1042.7183 | W54: 1082.8108 | X54: 39.083884 | Y54: 16.826523 | Z54: 24.767126 | AA54: 385.32789 | AB54: 1295.321 | AC54: 1255.398 | AD54: 237.37229 | AE54: 28.054058 | AF54: 40.710331 | AG54: 379.43493 | AH54: 1117.9872 | AI54: 1145.494 | AJ54: 99.346665 | AK54: 12.945472 | AL54: 23.697577
B55: SD | C55: 5.1014068 | D55: 2.98811 | E55: 7.6173763 | F55: 40.08651 | G55: 19.263921 | H55: 26.637916 | I55: 26.253288 | J55: 7.2769605 | K55: 14.492591 | L55: 296.31794 | M55: 42.187728 | N55: 56.005012 | O55: 11.374434 | P55: 3.5900933 | Q55: 9.313139 | R55: 116.39997 | S55: 13.425045 | T55: 32.303059 | U55: 5.20913 | V55: 2.6943471 | W55: 3.7174302 | X55: 43.317518 | Y55: 20.083461 | Z55: 30.762992 | AA55: 29.600625 | AB55: 5.4462203 | AC55: 8.4041245 | AD55: 355.73124 | AE55: 32.170233 | AF55: 41.415149 | AG55: 12.402275 | AH55: 2.6527049 | AI55: 4.6515173 | AJ55: 136.27033 | AK55: 12.150146 | AL55: 21.83876
A56: ISO07 | B56: AVG | C56: 174.28421 | D56: 1014.4827 | E56: 1047.942 | F56: 37.780847 | G56: 20.307644 | H56: 25.873421 | I56: 173.59207 | J56: 1267.7028 | K56: 1231.3846 | L56: 258.99051 | M56: 45.420615 | N56: 55.33541 | O56: 151.54735 | P56: 1095.6156 | Q56: 1114.4677 | R56: 108.23572 | S56: 17.031861 | T56: 32.018809 | U56: 408.68557 | V56: 1047.6432 | W56: 1080.9849 | X56: 39.373544 | Y56: 17.235288 | Z56: 22.856015 | AA56: 370.81793 | AB56: 1305.7164 | AC56: 1242.8661 | AD56: 245.58817 | AE56: 24.161672 | AF56: 36.179634 | AG56: 372.91995 | AH56: 1124.2841 | AI56: 1139.7318 | AJ56: 101.7451 | AK56: 12.196022 | AL56: 20.412855
B57: SD | C57: 5.0971415 | D57: 2.8705993 | E57: 7.0613804 | F57: 35.884806 | G57: 20.09537 | H57: 26.549 | I57: 29.507765 | J57: 6.7377296 | K57: 13.422992 | L57: 313.49676 | M57: 53.75739 | N57: 59.004653 | O57: 12.357094 | P57: 2.4223024 | Q57: 8.3819136 | R57: 119.57243 | S57: 15.634843 | T57: 31.798303 | U57: 4.4741143 | V57: 5.1379178 | W57: 4.128665 | X57: 43.948958 | Y57: 19.740446 | Z57: 30.639938 | AA57: 25.983369 | AB57: 4.6004082 | AC57: 10.101296 | AD57: 344.53721 | AE57: 29.469778 | AF57: 36.715399 | AG57: 10.752844 | AH57: 4.0114129 | AI57: 5.6479583 | AJ57: 133.00953 | AK57: 12.175743 | AL57: 18.881443
A58: ISO08 | B58: AVG | C58: 173.36916 | D58: 1006.0722 | E58: 1042.7964 | F58: 37.225215 | G58: 21.568831 | H58: 25.485685 | I58: 181.45334 | J58: 1260.2735 | K58: 1224.2289 | L58: 270.89351 | M58: 45.576683 | N58: 50.515424 | O58: 153.60742 | P58: 1087.8262 | Q58: 1109.2443 | R58: 112.18048 | S58: 17.731295 | T58: 29.699963 | U58: 409.84217 | V58: 1041.2871 | W58: 1082.7354 | X58: 37.850787 | Y58: 17.53019 | Z58: 25.015275 | AA58: 379.91431 | AB58: 1297.7347 | AC58: 1249.0954 | AD58: 243.42896 | AE58: 25.400837 | AF58: 41.112777 | AG58: 376.57853 | AH58: 1117.8255 | AI58: 1143.3612 | AJ58: 100.63673 | AK58: 11.703971 | AL58: 22.842925
B59: SD | C59: 5.29587 | D59: 6.0029447 | E59: 6.7894282 | F59: 37.373405 | G59: 22.590472 | H59: 28.140236 | I59: 29.890109 | J59: 9.9579933 | K59: 13.25663 | L59: 356.14233 | M59: 59.675161 | N59: 52.12481 | O59: 12.340124 | P59: 5.9649578 | Q59: 8.2963825 | R59: 134.03456 | S59: 18.244875 | T59: 26.113948 | U59: 5.0639653 | V59: 6.0240518 | W59: 3.6357422 | X59: 44.03942 | Y59: 19.90643 | Z59: 29.321841 | AA59: 27.686069 | AB59: 7.6530562 | AC59: 8.4497228 | AD59: 351.29752 | AE59: 29.485105 | AF59: 34.900334 | AG59: 11.653226 | AH59: 6.3602286 | AI59: 4.5000618 | AJ59: 135.1552 | AK59: 11.949981 | AL59: 17.509857
A60: ISO09 | B60: AVG | C60: 172.15156 | D60: 1002.7779 | E60: 1040.1339 | F60: 31.645145 | G60: 19.614006 | H60: 24.776794 | I60: 180.34846 | J60: 1255.6701 | K60: 1223.0432 | L60: 264.02045 | M60: 46.39602 | N60: 47.820879 | O60: 152.73899 | P60: 1083.9971 | Q60: 1106.8158 | R60: 107.08223 | S60: 18.105442 | T60: 26.820811 | U60: 402.60915 | V60: 1044.8494 | W60: 1077.479 | X60: 33.558756 | Y60: 15.245901 | Z60: 24.321032 | AA60: 361.34454 | AB60: 1300.1299 | AC60: 1245.1 | AD60: 238.41479 | AE60: 24.340356 | AF60: 34.611419 | AG60: 366.14334 | AH60: 1120.8785 | AI60: 1138.218 | AJ60: 96.556528 | AK60: 11.656384 | AL60: 19.307742
B61: SD | C61: 3.7141558 | D61: 3.3984868 | E61: 5.5715847 | F61: 31.891793 | G61: 20.142934 | H61: 28.33583 | I61: 29.58294 | J61: 8.8069007 | K61: 11.4843 | L61: 340.48224 | M61: 58.20096 | N61: 48.843671 | O61: 11.563496 | P61: 3.9807615 | Q61: 6.9076308 | R61: 126.22474 | S61: 17.39552 | T61: 24.34892 | U61: 4.2420697 | V61: 2.2603454 | W61: 3.6994949 | X61: 36.223941 | Y61: 17.012982 | Z61: 30.905701 | AA61: 26.02777 | AB61: 5.290027 | AC61: 9.2900324 | AD61: 340.64686 | AE61: 29.29803 | AF61: 34.548841 | AG61: 10.47146 | AH61: 2.6772505 | AI61: 5.2689129 | AJ61: 126.83696 | AK61: 11.625365 | AL61: 16.507533
A62: ISO10 | B62: AVG | C62: 178.21552 | D62: 996.26369 | E62: 1038.2621 | F62: 33.636556 | G62: 20.190457 | H62: 26.930238 | I62: 188.11742 | J62: 1248.4742 | K62: 1220.9341 | L62: 265.24827 | M62: 62.532746 | N62: 60.375634 | O62: 159.49896 | P62: 1076.9862 | Q62: 1105.2846 | R62: 106.6016 | S62: 22.385322 | T62: 35.886418 | U62: 399.2738 | V62: 1050.7793 | W62: 1073.1076 | X62: 34.601946 | Y62: 14.765235 | Z62: 26.970148 | AA62: 357.56292 | AB62: 1304.0431 | AC62: 1241.1226 | AD62: 264.74873 | AE62: 29.980366 | AF62: 42.504152 | AG62: 362.94432 | AH62: 1124.8217 | AI62: 1134.9361 | AJ62: 104.74593 | AK62: 12.866099 | AL62: 23.858979
B63: SD | C63: 4.3591042 | D63: 3.0773465 | E63: 8.7071991 | F63: 31.207581 | G63: 20.108619 | H63: 28.235538 | I63: 33.648433 | J63: 10.409302 | K63: 16.018552 | L63: 333.30828 | M63: 75.791165 | N63: 61.970705 | O63: 12.938058 | P63: 3.7680819 | Q63: 10.416158 | R63: 122.55831 | S63: 21.461924 | T63: 34.611966 | U63: 4.347073 | V63: 3.6198591 | W63: 4.4088297 | X63: 36.248921 | Y63: 16.516229 | Z63: 33.918556 | AA63: 32.527361 | AB63: 5.7927623 | AC63: 9.9223495 | AD63: 362.75674 | AE63: 36.592408 | AF63: 43.177463 | AG63: 12.523818 | AH63: 3.1890904 | AI63: 5.6388594 | AJ63: 132.09114 | AK63: 12.788349 | AL63: 21.108533

Sheet Summary
A1: LeftMallet2 X | B1: Condition | F1: LeftMallet2 Y | G1: Condition | K1: LeftMallet2 Z | L1: Condition | P1: LeftMallet2 X' | Q1: Condition | U1: LeftMallet2 Y' | V1: Condition | Z1: LeftMallet2 Z' | AA1: Condition | AE1: V-LeftMallet2 X | AF1: Condition | AJ1: V-LeftMallet2 Y | AK1: Condition | AO1: V-LeftMallet2 Z | AP1: Condition | AT1: V-LeftMallet2 X' | AU1: Condition | AY1: V-LeftMallet2 Y' | AZ1: Condition | BD1: V-LeftMallet2 Z' | BE1: Condition | BI1: HAND | BJ1: LeftMallet1 X | BK1: Condition | BO1: LeftMallet1 Y | BP1: Condition | BT1: LeftMallet1 Z | BU1: Condition | BY1: LeftMallet1 X' | BZ1: Condition | CD1: LeftMallet1 Y' | CE1: Condition | CI1: LeftMallet1 Z' | CJ1: Condition | CN1: V-LeftMallet1 X | CO1: Condition | CS1: V-LeftMallet1 Y | CT1: Condition | CX1: V-LeftMallet1 Z | CY1: Condition | DC1: V-LeftMallet1 X' | DD1: Condition | DH1: V-LeftMallet1 Y' | DI1: Condition | DM1: V-LeftMallet1 Z' | DN1: Condition | DR1: RIGHT | DS1: RightMallet2 X | DT1: Condition | DX1: RightMallet2 Y | DY1: Condition | EC1: RightMallet2 Z | ED1: Condition | EH1: RightMallet2 X' | EI1: Condition | EM1: RightMallet2 Y' | EN1: Condition | ER1: RightMallet2 Z' | ES1: Condition | EW1: V-RightMallet2 X | EX1: Condition | FB1: V-RightMallet2 Y | FC1: Condition | FG1: V-RightMallet2 Z | FH1: Condition | FL1: V-RightMallet2 X' | FM1: Condition | FQ1: V-RightMallet2 Y' | FR1: Condition | FV1: V-RightMallet2 Z' | FW1: Condition | GA1: RIGHT | GB1: RightMallet1 X | GC1: Condition | GG1: RightMallet1 Y | GH1: Condition | GL1: RightMallet1 Z | GM1: Condition | GQ1: RightMallet1 X' | GR1: Condition | GV1: RightMallet1 Y' | GW1: Condition | HA1: RightMallet1 Z' | HB1: Condition | HF1: V-RightMallet1 X | HG1: Condition | HK1: V-RightMallet1 Y | HL1: Condition | HP1: V-RightMallet1 Z | HQ1: Condition | HU1: V-RightMallet1 X' | HV1: Condition | HZ1: V-RightMallet1 Y' | IA1: Condition | IE1: V-RightMallet1 Z' | IF1: Condition
A2: Participants | B2: CON | C2: ISO | D2: CTL | F2: Participants | G2: CON | H2: ISO | I2: CTL | K2: Participants | L2: CON | M2: ISO | N2: CTL | P2: Participants | Q2: CON | R2: ISO | S2: CTL | U2: Participants | V2: CON | W2: ISO | X2: CTL | Z2: Participants | AA2: CON | AB2: ISO | AC2: CTL | AE2: Participants | AF2: CON | AG2: ISO | AH2: CTL | AJ2: Participants | AK2: CON | AL2: ISO | AM2: CTL | AO2: Participants | AP2: CON | AQ2: ISO | AR2: CTL | AT2: Participants | AU2: CON | AV2: ISO | AW2: CTL | AY2: Participants | AZ2: CON | BA2: ISO | BB2: CTL | BD2: Participants | BE2: CON | BF2: ISO | BG2: CTL | BJ2: Participants | BK2: CON | BL2: ISO | BM2: CTL | BO2: Participants | BP2: CON | BQ2: ISO | BR2: CTL | BT2: Participants | BU2: CON | BV2: ISO | BW2: CTL | BY2: Participants | BZ2: CON | CA2: ISO | CB2: CTL | CD2: Participants | CE2: CON | CF2: ISO | CG2: CTL | CI2: Participants | CJ2: CON | CK2: ISO | CL2: CTL | CN2: Participants | CO2: CON | CP2: ISO | CQ2: CTL | CS2: Participants | CT2: CON | CU2: ISO | CV2: CTL | CX2: Participants | CY2: CON | CZ2: ISO | DA2: CTL | DC2: Participants | DD2: CON | DE2: ISO | DF2: CTL | DH2: Participants | DI2: CON | DJ2: ISO | DK2: CTL | DM2: Participants | DN2: CON | DO2: ISO | DP2: CTL | DR2: MALLET | DS2: Participants | DT2: CON | DU2: ISO | DV2: CTL | DX2: Participants | DY2: CON | DZ2: ISO | EA2: CTL | EC2: Participants | ED2: CON | EE2: ISO | EF2: CTL | EH2: Participants | EI2: CON | EJ2: ISO | EK2: CTL | EM2: Participants | EN2: CON | EO2: ISO | EP2: CTL | ER2: Participants | ES2: CON | ET2: ISO | EU2: CTL | EW2: Participants | EX2: CON | EY2: ISO | EZ2: CTL | FB2: Participants | FC2: CON | FD2: ISO | FE2: CTL | FG2: Participants | FH2: CON | FI2: ISO | FJ2: CTL | FL2: Participants | FM2: CON | FN2: ISO | FO2: CTL | FQ2: Participants | FR2: CON | FS2: ISO | FT2: CTL | FV2: Participants | FW2: CON | FX2: ISO | FY2: CTL | GA2: HAND | GB2: Participants | GC2: CON | GD2: ISO | GE2: CTL | GG2: Participants | GH2: CON | GI2: ISO | GJ2: CTL | GL2: Participants | GM2: CON | GN2: ISO | GO2: CTL | GQ2: Participants | GR2: CON | GS2: ISO | GT2: CTL | GV2: Participants | GW2: CON | GX2: ISO | GY2: CTL | HA2: Participants | HB2: CON | HC2: ISO | HD2: CTL | HF2: Participants | HG2: CON | HH2: ISO | HI2: CTL | HK2: Participants | HL2: CON | HM2: ISO | HN2: CTL | HP2: Participants | HQ2: CON | HR2: ISO | HS2: CTL | HU2: Participants | HV2: CON | HW2: ISO | HX2: CTL | HZ2: Participants | IA2: CON | IB2: ISO | IC2: CTL | IE2: Participants | IF2: CON | IG2: ISO | IH2: CTL
